Workbook

Sheet SRC
A2: G_BLANK
A3: G_WK0 | C3: 0 | D3: 46266
A4: G_WK5 | C4: 5 | D4: 46270

Sheet CL
B2: =IF(SRC!A2="","",SRC!C2) | C2: =IF(SRC!A2="","",IF(SRC!C2="","",SRC!C2)) | E2: =IF(SRC!A2="","",SRC!D2) | F2: =IF(SRC!A2="","",IF(SRC!D2="","",SRC!D2)) | G2: =IF(SRC!A2="","",C2) | H2: =IF(SRC!A2="","",F2) | I2: =IF(OR(G2="",H2=""),"DATA INCOMPLETE","READY") | J2: =IF(SRC!A2="","",B2) | K2: =IF(SRC!A2="","",E2) | L2: =IF(OR(J2="",K2=""),"DATA INCOMPLETE","READY")
B3: =IF(SRC!A3="","",SRC!C3) | C3: =IF(SRC!A3="","",IF(SRC!C3="","",SRC!C3)) | E3: =IF(SRC!A3="","",SRC!D3) | F3: =IF(SRC!A3="","",IF(SRC!D3="","",SRC!D3)) | G3: =IF(SRC!A3="","",C3) | H3: =IF(SRC!A3="","",F3) | I3: =IF(OR(G3="",H3=""),"DATA INCOMPLETE","READY") | J3: =IF(SRC!A3="","",B3) | K3: =IF(SRC!A3="","",E3) | L3: =IF(OR(J3="",K3=""),"DATA INCOMPLETE","READY")
B4: =IF(SRC!A4="","",SRC!C4) | C4: =IF(SRC!A4="","",IF(SRC!C4="","",SRC!C4)) | E4: =IF(SRC!A4="","",SRC!D4) | F4: =IF(SRC!A4="","",IF(SRC!D4="","",SRC!D4)) | G4: =IF(SRC!A4="","",C4) | H4: =IF(SRC!A4="","",F4) | I4: =IF(OR(G4="",H4=""),"DATA INCOMPLETE","READY") | J4: =IF(SRC!A4="","",B4) | K4: =IF(SRC!A4="","",E4) | L4: =IF(OR(J4="",K4=""),"DATA INCOMPLETE","READY")
