Workbook

Sheet TEAM MAP
A6: ALA | B6: Alabama | C6: SEC | D6: FBS | E6: N | K6: Alabama | L6: ALA | N6: SEC
A7: ARK | B7: Arkansas | C7: SEC | D7: FBS | E7: N | K7: ALA | L7: ALA | N7: Big Ten
A8: AUB | B8: Auburn | C8: SEC | D8: FBS | E8: N | K8: Arkansas | L8: ARK | N8: Big 12
A9: FLA | B9: Florida | C9: SEC | D9: FBS | E9: N | K9: ARK | L9: ARK | N9: ACC
A10: UGA | B10: Georgia | C10: SEC | D10: FBS | E10: N | K10: Auburn | L10: AUB | N10: Pac-12
A11: UK | B11: Kentucky | C11: SEC | D11: FBS | E11: N | F11: Do not confuse UK with KENT (Kent State) | K11: AUB | L11: AUB | N11: American Athletic
A12: LSU | B12: LSU | C12: SEC | D12: FBS | E12: N | K12: Florida | L12: FLA | N12: American
A13: MSST | B13: Mississippi State | C13: SEC | D13: FBS | E13: N | F13: MSU is AMBIGUOUS - blocked alias | K13: FLA | L13: FLA | N13: Conference USA
A14: MIZ | B14: Missouri | C14: SEC | D14: FBS | E14: N | K14: Georgia | L14: UGA | N14: Mid-American
A15: OU | B15: Oklahoma | C15: SEC | D15: FBS | E15: N | K15: UGA | L15: UGA | N15: MAC
A16: MISS | B16: Ole Miss | C16: SEC | D16: FBS | E16: N | F16: CFBD name: Ole Miss | K16: Kentucky | L16: UK | N16: Mountain West
A17: SCAR | B17: South Carolina | C17: SEC | D17: FBS | E17: N | F17: SC is AMBIGUOUS - blocked alias | K17: UK | L17: UK | N17: Sun Belt
A18: TENN | B18: Tennessee | C18: SEC | D18: FBS | E18: N | F18: UT is AMBIGUOUS - blocked alias | K18: LSU | L18: LSU | N18: FBS Independents
A19: TEX | B19: Texas | C19: SEC | D19: FBS | E19: N | F19: UT is AMBIGUOUS - blocked alias | K19: Mississippi State | L19: MSST | N19: Independent
A20: TAMU | B20: Texas A&M | C20: SEC | D20: FBS | E20: N | K20: MSST | L20: MSST | N20: Atlantic Coast Conference
A21: VAN | B21: Vanderbilt | C21: SEC | D21: FBS | E21: N | K21: Missouri | L21: MIZ | N21: Big Ten Conference
A22: ILL | B22: Illinois | C22: Big Ten | D22: FBS | E22: N | K22: MIZ | L22: MIZ | N22: Big 12 Conference
A23: IND | B23: Indiana | C23: Big Ten | D23: FBS | E23: N | K23: Oklahoma | L23: OU | N23: Southeastern Conference
A24: IOWA | B24: Iowa | C24: Big Ten | D24: FBS | E24: N | K24: OU | L24: OU | N24: Pac-12 Conference
A25: MD | B25: Maryland | C25: Big Ten | D25: FBS | E25: N | K25: Ole Miss | L25: MISS | N25: American Conference
A26: MICH | B26: Michigan | C26: Big Ten | D26: FBS | E26: N | F26: UM is AMBIGUOUS - blocked alias | K26: MISS | L26: MISS | N26: Mid-American Conference
A27: MSU | B27: Michigan State | C27: Big Ten | D27: FBS | E27: N | F27: MSU reserved here; MSST/MOST elsewhere | K27: South Carolina | L27: SCAR | N27: Mountain West Conference
A28: MINN | B28: Minnesota | C28: Big Ten | D28: FBS | E28: N | K28: SCAR | L28: SCAR | N28: Sun Belt Conference
A29: NEB | B29: Nebraska | C29: Big Ten | D29: FBS | E29: N | K29: Tennessee | L29: TENN
A30: NW | B30: Northwestern | C30: Big Ten | D30: FBS | E30: N | F30: NU not used (ambiguous) | K30: TENN | L30: TENN
A31: OHST | B31: Ohio State | C31: Big Ten | D31: FBS | E31: N | F31: OSU is AMBIGUOUS - blocked alias | K31: Texas | L31: TEX
A32: ORE | B32: Oregon | C32: Big Ten | D32: FBS | E32: N | K32: TEX | L32: TEX
A33: PSU | B33: Penn State | C33: Big Ten | D33: FBS | E33: N | K33: Texas A&M | L33: TAMU
A34: PUR | B34: Purdue | C34: Big Ten | D34: FBS | E34: N | K34: TAMU | L34: TAMU
A35: RUTG | B35: Rutgers | C35: Big Ten | D35: FBS | E35: N | K35: Vanderbilt | L35: VAN
A36: UCLA | B36: UCLA | C36: Big Ten | D36: FBS | E36: N | K36: VAN | L36: VAN
A37: USC | B37: USC | C37: Big Ten | D37: FBS | E37: N | K37: Illinois | L37: ILL
A38: WASH | B38: Washington | C38: Big Ten | D38: FBS | E38: N | K38: ILL | L38: ILL
A39: WISC | B39: Wisconsin | C39: Big Ten | D39: FBS | E39: N | K39: Indiana | L39: IND
A40: ARIZ | B40: Arizona | C40: Big 12 | D40: FBS | E40: N | K40: IND | L40: IND
A41: AZST | B41: Arizona State | C41: Big 12 | D41: FBS | E41: N | F41: ASU maps here (Ark State = ARST) | K41: Iowa | L41: IOWA
A42: BAY | B42: Baylor | C42: Big 12 | D42: FBS | E42: N | K42: Maryland | L42: MD
A43: BYU | B43: BYU | C43: Big 12 | D43: FBS | E43: N | K43: MD | L43: MD
A44: CIN | B44: Cincinnati | C44: Big 12 | D44: FBS | E44: N | K44: Michigan | L44: MICH
A45: COLO | B45: Colorado | C45: Big 12 | D45: FBS | E45: N | K45: MICH | L45: MICH
A46: HOU | B46: Houston | C46: Big 12 | D46: FBS | E46: N | K46: Michigan State | L46: MSU
A47: ISU | B47: Iowa State | C47: Big 12 | D47: FBS | E47: N | K47: MSU | L47: MSU
A48: KAN | B48: Kansas | C48: Big 12 | D48: FBS | E48: N | K48: Minnesota | L48: MINN
A49: KSU | B49: Kansas State | C49: Big 12 | D49: FBS | E49: N | K49: MINN | L49: MINN
A50: OKST | B50: Oklahoma State | C50: Big 12 | D50: FBS | E50: N | F50: OSU is AMBIGUOUS - blocked alias | K50: Nebraska | L50: NEB
A51: TCU | B51: TCU | C51: Big 12 | D51: FBS | E51: N | K51: NEB | L51: NEB
A52: TTU | B52: Texas Tech | C52: Big 12 | D52: FBS | E52: N | K52: Northwestern | L52: NW
A53: UCF | B53: UCF | C53: Big 12 | D53: FBS | E53: N | K53: NW | L53: NW
A54: UTAH | B54: Utah | C54: Big 12 | D54: FBS | E54: N | K54: Ohio State | L54: OHST
A55: WVU | B55: West Virginia | C55: Big 12 | D55: FBS | E55: N | K55: OHST | L55: OHST
A56: BC | B56: Boston College | C56: ACC | D56: FBS | E56: N | K56: Oregon | L56: ORE
A57: CAL | B57: California | C57: ACC | D57: FBS | E57: N | K57: ORE | L57: ORE
A58: CLEM | B58: Clemson | C58: ACC | D58: FBS | E58: N | K58: Penn State | L58: PSU
A59: DUKE | B59: Duke | C59: ACC | D59: FBS | E59: N | K59: PSU | L59: PSU
A60: FSU | B60: Florida State | C60: ACC | D60: FBS | E60: N | K60: Purdue | L60: PUR
A61: GT | B61: Georgia Tech | C61: ACC | D61: FBS | E61: N | K61: PUR | L61: PUR
A62: LOU | B62: Louisville | C62: ACC | D62: FBS | E62: N | F62: UL is AMBIGUOUS - blocked alias | K62: Rutgers | L62: RUTG
A63: MIA | B63: Miami | C63: ACC | D63: FBS | E63: N | F63: CFBD name: Miami. UM blocked | K63: RUTG | L63: RUTG
A64: NCST | B64: NC State | C64: ACC | D64: FBS | E64: N | K64: UCLA | L64: UCLA
A65: UNC | B65: North Carolina | C65: ACC | D65: FBS | E65: N | K65: USC | L65: USC
A66: PITT | B66: Pittsburgh | C66: ACC | D66: FBS | E66: N | K66: Washington | L66: WASH
A67: SMU | B67: SMU | C67: ACC | D67: FBS | E67: N | K67: WASH | L67: WASH
A68: STAN | B68: Stanford | C68: ACC | D68: FBS | E68: N | K68: Wisconsin | L68: WISC
A69: SYR | B69: Syracuse | C69: ACC | D69: FBS | E69: N | K69: WISC | L69: WISC
A70: UVA | B70: Virginia | C70: ACC | D70: FBS | E70: N | K70: Arizona | L70: ARIZ
A71: VT | B71: Virginia Tech | C71: ACC | D71: FBS | E71: N | K71: ARIZ | L71: ARIZ
A72: WAKE | B72: Wake Forest | C72: ACC | D72: FBS | E72: N | K72: Arizona State | L72: AZST
A73: BSU | B73: Boise State | C73: Pac-12 | D73: FBS | E73: N | F73: Joined Pac-12 7/1/2026 (from MWC) | K73: AZST | L73: AZST
A74: CSU | B74: Colorado State | C74: Pac-12 | D74: FBS | E74: N | F74: Joined Pac-12 7/1/2026 (from MWC) | K74: Baylor | L74: BAY
A75: FRES | B75: Fresno State | C75: Pac-12 | D75: FBS | E75: N | F75: Joined Pac-12 7/1/2026 (from MWC) | K75: BAY | L75: BAY
A76: ORST | B76: Oregon State | C76: Pac-12 | D76: FBS | E76: N | F76: OSU is AMBIGUOUS - blocked alias | K76: BYU | L76: BYU
A77: SDSU | B77: San Diego State | C77: Pac-12 | D77: FBS | E77: N | F77: Joined Pac-12 7/1/2026 (from MWC) | K77: Cincinnati | L77: CIN
A78: TXST | B78: Texas State | C78: Pac-12 | D78: FBS | E78: N | F78: Joined Pac-12 7/1/2026 (from Sun Belt) | K78: CIN | L78: CIN
A79: USU | B79: Utah State | C79: Pac-12 | D79: FBS | E79: N | F79: Joined Pac-12 7/1/2026 (from MWC) | K79: Colorado | L79: COLO
A80: WSU | B80: Washington State | C80: Pac-12 | D80: FBS | E80: N | K80: COLO | L80: COLO
A81: ARMY | B81: Army | C81: American | D81: FBS | E81: N | F81: Football-only AAC member | K81: Houston | L81: HOU
A82: CLT | B82: Charlotte | C82: American | D82: FBS | E82: N | K82: HOU | L82: HOU
A83: ECU | B83: East Carolina | C83: American | D83: FBS | E83: N | K83: Iowa State | L83: ISU
A84: FAU | B84: Florida Atlantic | C84: American | D84: FBS | E84: N | K84: ISU | L84: ISU
A85: MEM | B85: Memphis | C85: American | D85: FBS | E85: N | K85: Kansas | L85: KAN
A86: NAVY | B86: Navy | C86: American | D86: FBS | E86: N | K86: KAN | L86: KAN
A87: UNT | B87: North Texas | C87: American | D87: FBS | E87: N | K87: Kansas State | L87: KSU
A88: RICE | B88: Rice | C88: American | D88: FBS | E88: N | K88: KSU | L88: KSU
A89: USF | B89: South Florida | C89: American | D89: FBS | E89: N | K89: Oklahoma State | L89: OKST
A90: TEM | B90: Temple | C90: American | D90: FBS | E90: N | K90: OKST | L90: OKST
A91: TULN | B91: Tulane | C91: American | D91: FBS | E91: N | K91: TCU | L91: TCU
A92: TLSA | B92: Tulsa | C92: American | D92: FBS | E92: N | K92: Texas Tech | L92: TTU
A93: UAB | B93: UAB | C93: American | D93: FBS | E93: N | K93: TTU | L93: TTU
A94: UTSA | B94: UTSA | C94: American | D94: FBS | E94: N | K94: UCF | L94: UCF
A95: DEL | B95: Delaware | C95: Conference USA | D95: FBS | E95: N | F95: Reclassified to FBS in 2025; full FBS 2026 | K95: Utah | L95: UTAH
A96: FIU | B96: FIU | C96: Conference USA | D96: FBS | E96: N | K96: West Virginia | L96: WVU
A97: JVST | B97: Jacksonville State | C97: Conference USA | D97: FBS | E97: N | K97: WVU | L97: WVU
A98: KENN | B98: Kennesaw State | C98: Conference USA | D98: FBS | E98: N | K98: Boston College | L98: BC
A99: LIB | B99: Liberty | C99: Conference USA | D99: FBS | E99: N | K99: BC | L99: BC
A100: MTSU | B100: Middle Tennessee | C100: Conference USA | D100: FBS | E100: N | K100: California | L100: CAL
A101: MOST | B101: Missouri State | C101: Conference USA | D101: FBS | E101: N | F101: Reclassified to FBS in 2025; full FBS 2026. MSU blocked | K101: CAL | L101: CAL
A102: NMSU | B102: New Mexico State | C102: Conference USA | D102: FBS | E102: N | K102: Clemson | L102: CLEM
A103: SHSU | B103: Sam Houston | C103: Conference USA | D103: FBS | E103: N | K103: CLEM | L103: CLEM
A104: WKU | B104: Western Kentucky | C104: Conference USA | D104: FBS | E104: N | K104: Duke | L104: DUKE
A105: AKR | B105: Akron | C105: MAC | D105: FBS | E105: N | K105: Florida State | L105: FSU
...

Sheet PRESEASON
A6: =IF('TEAM MAP'!$A6="","",'TEAM MAP'!$A6) | B6: =IF('TEAM MAP'!$A6="","",'TEAM MAP'!$B6) | C6: =IF('TEAM MAP'!$A6="","",'TEAM MAP'!$D6) | D6: 18.2 | E6: 46108 | F6: https://www.espn.com/college-football/story/_/id/48306284/2026-college-football-sp+-rankings-138-fbs-teams | G6: =IF($D6="","",$D6-AVERAGE($D$6:$D$143)) | H6: 20.1 | I6: 46222 | J6: https://www.espn.com/college-football/fpi | K6: =IF($H6="","",$H6-AVERAGE($H$6:$H$143)) | M6: =IF($L6="","",IF($C6="FBS-RECLASSIFYING",IF($L6<0,$L6,$L6*(1-SETTINGS!$B$16)),$L6*(1-SETTINGS!$B$15))) | P6: =IF($M6="","",$M6-AVERAGE($M$6:$M$143)) | Q6: 21.6 | R6: 46222 | S6: https://www.teamrankings.com/college-football/ranking/predictive-by-other | T6: =IF($Q6="","",$Q6-AVERAGE($Q$6:$Q$143)) | X6: =IF($U6="","",$U6-AVERAGE($U$6:$U$143)) | Y6: =IF($A6="","",SETTINGS!$B$28*ISNUMBER($G6)+SETTINGS!$B$29*ISNUMBER($K6)+SETTINGS!$B$30*ISNUMBER($P6)+SETTINGS!$B$31*ISNUMBER($T6)+SETTINGS!$B$32*ISNUMBER($X6)) | Z6: =IF($A6="","",IF($Y6=0,"",(SETTINGS!$B$28*IF(ISNUMBER($G6),$G6,0)+SETTINGS!$B$29*IF(ISNUMBER($K6),$K6,0)+SETTINGS!$B$30*IF(ISNUMBER($P6),$P6,0)+SETTINGS!$B$31*IF(ISNUMBER($T6),$T6,0)+SETTINGS!$B$32*IF(ISNUMBER($X6),$X6,0))/$Y6)) | AA6: =IF($A6="","",COUNT($D6,$H6,$L6,$Q6,$U6)) | AB6: =IF($A6="","",IF($AA6<=1,"SINGLE-SOURCE / LOW CONFIDENCE","")) | AC6: =IF($A6="","",IF(AND($C6="FBS-RECLASSIFYING",ISNUMBER($L6),$L6<0),"NO-AUTO-UPGRADE GUARD APPLIED",""))
A7: =IF('TEAM MAP'!$A7="","",'TEAM MAP'!$A7) | B7: =IF('TEAM MAP'!$A7="","",'TEAM MAP'!$B7) | C7: =IF('TEAM MAP'!$A7="","",'TEAM MAP'!$D7) | D7: 5 | E7: 46108 | F7: https://www.espn.com/college-football/story/_/id/48306284/2026-college-football-sp+-rankings-138-fbs-teams | G7: =IF($D7="","",$D7-AVERAGE($D$6:$D$143)) | H7: 4.4 | I7: 46222 | J7: https://www.espn.com/college-football/fpi | K7: =IF($H7="","",$H7-AVERAGE($H$6:$H$143)) | M7: =IF($L7="","",IF($C7="FBS-RECLASSIFYING",IF($L7<0,$L7,$L7*(1-SETTINGS!$B$16)),$L7*(1-SETTINGS!$B$15))) | P7: =IF($M7="","",$M7-AVERAGE($M$6:$M$143)) | Q7: 4.7 | R7: 46222 | S7: https://www.teamrankings.com/college-football/ranking/predictive-by-other | T7: =IF($Q7="","",$Q7-AVERAGE($Q$6:$Q$143)) | X7: =IF($U7="","",$U7-AVERAGE($U$6:$U$143)) | Y7: =IF($A7="","",SETTINGS!$B$28*ISNUMBER($G7)+SETTINGS!$B$29*ISNUMBER($K7)+SETTINGS!$B$30*ISNUMBER($P7)+SETTINGS!$B$31*ISNUMBER($T7)+SETTINGS!$B$32*ISNUMBER($X7)) | Z7: =IF($A7="","",IF($Y7=0,"",(SETTINGS!$B$28*IF(ISNUMBER($G7),$G7,0)+SETTINGS!$B$29*IF(ISNUMBER($K7),$K7,0)+SETTINGS!$B$30*IF(ISNUMBER($P7),$P7,0)+SETTINGS!$B$31*IF(ISNUMBER($T7),$T7,0)+SETTINGS!$B$32*IF(ISNUMBER($X7),$X7,0))/$Y7)) | AA7: =IF($A7="","",COUNT($D7,$H7,$L7,$Q7,$U7)) | AB7: =IF($A7="","",IF($AA7<=1,"SINGLE-SOURCE / LOW CONFIDENCE","")) | AC7: =IF($A7="","",IF(AND($C7="FBS-RECLASSIFYING",ISNUMBER($L7),$L7<0),"NO-AUTO-UPGRADE GUARD APPLIED",""))
A8: =IF('TEAM MAP'!$A8="","",'TEAM MAP'!$A8) | B8: =IF('TEAM MAP'!$A8="","",'TEAM MAP'!$B8) | C8: =IF('TEAM MAP'!$A8="","",'TEAM MAP'!$D8) | D8: 11.2 | E8: 46108 | F8: https://www.espn.com/college-football/story/_/id/48306284/2026-college-football-sp+-rankings-138-fbs-teams | G8: =IF($D8="","",$D8-AVERAGE($D$6:$D$143)) | H8: 12 | I8: 46222 | J8: https://www.espn.com/college-football/fpi | K8: =IF($H8="","",$H8-AVERAGE($H$6:$H$143)) | M8: =IF($L8="","",IF($C8="FBS-RECLASSIFYING",IF($L8<0,$L8,$L8*(1-SETTINGS!$B$16)),$L8*(1-SETTINGS!$B$15))) | P8: =IF($M8="","",$M8-AVERAGE($M$6:$M$143)) | Q8: 13.4 | R8: 46222 | S8: https://www.teamrankings.com/college-football/ranking/predictive-by-other | T8: =IF($Q8="","",$Q8-AVERAGE($Q$6:$Q$143)) | X8: =IF($U8="","",$U8-AVERAGE($U$6:$U$143)) | Y8: =IF($A8="","",SETTINGS!$B$28*ISNUMBER($G8)+SETTINGS!$B$29*ISNUMBER($K8)+SETTINGS!$B$30*ISNUMBER($P8)+SETTINGS!$B$31*ISNUMBER($T8)+SETTINGS!$B$32*ISNUMBER($X8)) | Z8: =IF($A8="","",IF($Y8=0,"",(SETTINGS!$B$28*IF(ISNUMBER($G8),$G8,0)+SETTINGS!$B$29*IF(ISNUMBER($K8),$K8,0)+SETTINGS!$B$30*IF(ISNUMBER($P8),$P8,0)+SETTINGS!$B$31*IF(ISNUMBER($T8),$T8,0)+SETTINGS!$B$32*IF(ISNUMBER($X8),$X8,0))/$Y8)) | AA8: =IF($A8="","",COUNT($D8,$H8,$L8,$Q8,$U8)) | AB8: =IF($A8="","",IF($AA8<=1,"SINGLE-SOURCE / LOW CONFIDENCE","")) | AC8: =IF($A8="","",IF(AND($C8="FBS-RECLASSIFYING",ISNUMBER($L8),$L8<0),"NO-AUTO-UPGRADE GUARD APPLIED",""))
A9: =IF('TEAM MAP'!$A9="","",'TEAM MAP'!$A9) | B9: =IF('TEAM MAP'!$A9="","",'TEAM MAP'!$B9) | C9: =IF('TEAM MAP'!$A9="","",'TEAM MAP'!$D9) | D9: 14.9 | E9: 46108 | F9: https://www.espn.com/college-football/story/_/id/48306284/2026-college-football-sp+-rankings-138-fbs-teams | G9: =IF($D9="","",$D9-AVERAGE($D$6:$D$143)) | H9: 13.6 | I9: 46222 | J9: https://www.espn.com/college-football/fpi | K9: =IF($H9="","",$H9-AVERAGE($H$6:$H$143)) | M9: =IF($L9="","",IF($C9="FBS-RECLASSIFYING",IF($L9<0,$L9,$L9*(1-SETTINGS!$B$16)),$L9*(1-SETTINGS!$B$15))) | P9: =IF($M9="","",$M9-AVERAGE($M$6:$M$143)) | Q9: 17.4 | R9: 46222 | S9: https://www.teamrankings.com/college-football/ranking/predictive-by-other | T9: =IF($Q9="","",$Q9-AVERAGE($Q$6:$Q$143)) | X9: =IF($U9="","",$U9-AVERAGE($U$6:$U$143)) | Y9: =IF($A9="","",SETTINGS!$B$28*ISNUMBER($G9)+SETTINGS!$B$29*ISNUMBER($K9)+SETTINGS!$B$30*ISNUMBER($P9)+SETTINGS!$B$31*ISNUMBER($T9)+SETTINGS!$B$32*ISNUMBER($X9)) | Z9: =IF($A9="","",IF($Y9=0,"",(SETTINGS!$B$28*IF(ISNUMBER($G9),$G9,0)+SETTINGS!$B$29*IF(ISNUMBER($K9),$K9,0)+SETTINGS!$B$30*IF(ISNUMBER($P9),$P9,0)+SETTINGS!$B$31*IF(ISNUMBER($T9),$T9,0)+SETTINGS!$B$32*IF(ISNUMBER($X9),$X9,0))/$Y9)) | AA9: =IF($A9="","",COUNT($D9,$H9,$L9,$Q9,$U9)) | AB9: =IF($A9="","",IF($AA9<=1,"SINGLE-SOURCE / LOW CONFIDENCE","")) | AC9: =IF($A9="","",IF(AND($C9="FBS-RECLASSIFYING",ISNUMBER($L9),$L9<0),"NO-AUTO-UPGRADE GUARD APPLIED",""))
A10: =IF('TEAM MAP'!$A10="","",'TEAM MAP'!$A10) | B10: =IF('TEAM MAP'!$A10="","",'TEAM MAP'!$B10) | C10: =IF('TEAM MAP'!$A10="","",'TEAM MAP'!$D10) | D10: 25.5 | E10: 46108 | F10: https://www.espn.com/college-football/story/_/id/48306284/2026-college-football-sp+-rankings-138-fbs-teams | G10: =IF($D10="","",$D10-AVERAGE($D$6:$D$143)) | H10: 24.8 | I10: 46222 | J10: https://www.espn.com/college-football/fpi | K10: =IF($H10="","",$H10-AVERAGE($H$6:$H$143)) | M10: =IF($L10="","",IF($C10="FBS-RECLASSIFYING",IF($L10<0,$L10,$L10*(1-SETTINGS!$B$16)),$L10*(1-SETTINGS!$B$15))) | P10: =IF($M10="","",$M10-AVERAGE($M$6:$M$143)) | Q10: 28.4 | R10: 46222 | S10: https://www.teamrankings.com/college-football/ranking/predictive-by-other | T10: =IF($Q10="","",$Q10-AVERAGE($Q$6:$Q$143)) | X10: =IF($U10="","",$U10-AVERAGE($U$6:$U$143)) | Y10: =IF($A10="","",SETTINGS!$B$28*ISNUMBER($G10)+SETTINGS!$B$29*ISNUMBER($K10)+SETTINGS!$B$30*ISNUMBER($P10)+SETTINGS!$B$31*ISNUMBER($T10)+SETTINGS!$B$32*ISNUMBER($X10)) | Z10: =IF($A10="","",IF($Y10=0,"",(SETTINGS!$B$28*IF(ISNUMBER($G10),$G10,0)+SETTINGS!$B$29*IF(ISNUMBER($K10),$K10,0)+SETTINGS!$B$30*IF(ISNUMBER($P10),$P10,0)+SETTINGS!$B$31*IF(ISNUMBER($T10),$T10,0)+SETTINGS!$B$32*IF(ISNUMBER($X10),$X10,0))/$Y10)) | AA10: =IF($A10="","",COUNT($D10,$H10,$L10,$Q10,$U10)) | AB10: =IF($A10="","",IF($AA10<=1,"SINGLE-SOURCE / LOW CONFIDENCE","")) | AC10: =IF($A10="","",IF(AND($C10="FBS-RECLASSIFYING",ISNUMBER($L10),$L10<0),"NO-AUTO-UPGRADE GUARD APPLIED",""))
A11: =IF('TEAM MAP'!$A11="","",'TEAM MAP'!$A11) | B11: =IF('TEAM MAP'!$A11="","",'TEAM MAP'!$B11) | C11: =IF('TEAM MAP'!$A11="","",'TEAM MAP'!$D11) | D11: 3.8 | E11: 46108 | F11: https://www.espn.com/college-football/story/_/id/48306284/2026-college-football-sp+-rankings-138-fbs-teams | G11: =IF($D11="","",$D11-AVERAGE($D$6:$D$143)) | H11: 5.4 | I11: 46222 | J11: https://www.espn.com/college-football/fpi | K11: =IF($H11="","",$H11-AVERAGE($H$6:$H$143)) | M11: =IF($L11="","",IF($C11="FBS-RECLASSIFYING",IF($L11<0,$L11,$L11*(1-SETTINGS!$B$16)),$L11*(1-SETTINGS!$B$15))) | P11: =IF($M11="","",$M11-AVERAGE($M$6:$M$143)) | Q11: 8.9 | R11: 46222 | S11: https://www.teamrankings.com/college-football/ranking/predictive-by-other | T11: =IF($Q11="","",$Q11-AVERAGE($Q$6:$Q$143)) | X11: =IF($U11="","",$U11-AVERAGE($U$6:$U$143)) | Y11: =IF($A11="","",SETTINGS!$B$28*ISNUMBER($G11)+SETTINGS!$B$29*ISNUMBER($K11)+SETTINGS!$B$30*ISNUMBER($P11)+SETTINGS!$B$31*ISNUMBER($T11)+SETTINGS!$B$32*ISNUMBER($X11)) | Z11: =IF($A11="","",IF($Y11=0,"",(SETTINGS!$B$28*IF(ISNUMBER($G11),$G11,0)+SETTINGS!$B$29*IF(ISNUMBER($K11),$K11,0)+SETTINGS!$B$30*IF(ISNUMBER($P11),$P11,0)+SETTINGS!$B$31*IF(ISNUMBER($T11),$T11,0)+SETTINGS!$B$32*IF(ISNUMBER($X11),$X11,0))/$Y11)) | AA11: =IF($A11="","",COUNT($D11,$H11,$L11,$Q11,$U11)) | AB11: =IF($A11="","",IF($AA11<=1,"SINGLE-SOURCE / LOW CONFIDENCE","")) | AC11: =IF($A11="","",IF(AND($C11="FBS-RECLASSIFYING",ISNUMBER($L11),$L11<0),"NO-AUTO-UPGRADE GUARD APPLIED",""))
A12: =IF('TEAM MAP'!$A12="","",'TEAM MAP'!$A12) | B12: =IF('TEAM MAP'!$A12="","",'TEAM MAP'!$B12) | C12: =IF('TEAM MAP'!$A12="","",'TEAM MAP'!$D12) | D12: 20.2 | E12: 46108 | F12: https://www.espn.com/college-football/story/_/id/48306284/2026-college-football-sp+-rankings-138-fbs-teams | G12: =IF($D12="","",$D12-AVERAGE($D$6:$D$143)) | H12: 20 | I12: 46222 | J12: https://www.espn.com/college-football/fpi | K12: =IF($H12="","",$H12-AVERAGE($H$6:$H$143)) | M12: =IF($L12="","",IF($C12="FBS-RECLASSIFYING",IF($L12<0,$L12,$L12*(1-SETTINGS!$B$16)),$L12*(1-SETTINGS!$B$15))) | P12: =IF($M12="","",$M12-AVERAGE($M$6:$M$143)) | Q12: 22.1 | R12: 46222 | S12: https://www.teamrankings.com/college-football/ranking/predictive-by-other | T12: =IF($Q12="","",$Q12-AVERAGE($Q$6:$Q$143)) | X12: =IF($U12="","",$U12-AVERAGE($U$6:$U$143)) | Y12: =IF($A12="","",SETTINGS!$B$28*ISNUMBER($G12)+SETTINGS!$B$29*ISNUMBER($K12)+SETTINGS!$B$30*ISNUMBER($P12)+SETTINGS!$B$31*ISNUMBER($T12)+SETTINGS!$B$32*ISNUMBER($X12)) | Z12: =IF($A12="","",IF($Y12=0,"",(SETTINGS!$B$28*IF(ISNUMBER($G12),$G12,0)+SETTINGS!$B$29*IF(ISNUMBER($K12),$K12,0)+SETTINGS!$B$30*IF(ISNUMBER($P12),$P12,0)+SETTINGS!$B$31*IF(ISNUMBER($T12),$T12,0)+SETTINGS!$B$32*IF(ISNUMBER($X12),$X12,0))/$Y12)) | AA12: =IF($A12="","",COUNT($D12,$H12,$L12,$Q12,$U12)) | AB12: =IF($A12="","",IF($AA12<=1,"SINGLE-SOURCE / LOW CONFIDENCE","")) | AC12: =IF($A12="","",IF(AND($C12="FBS-RECLASSIFYING",ISNUMBER($L12),$L12<0),"NO-AUTO-UPGRADE GUARD APPLIED",""))
A13: =IF('TEAM MAP'!$A13="","",'TEAM MAP'!$A13) | B13: =IF('TEAM MAP'!$A13="","",'TEAM MAP'!$B13) | C13: =IF('TEAM MAP'!$A13="","",'TEAM MAP'!$D13) | D13: 3.9 | E13: 46108 | F13: https://www.espn.com/college-football/story/_/id/48306284/2026-college-football-sp+-rankings-138-fbs-teams | G13: =IF($D13="","",$D13-AVERAGE($D$6:$D$143)) | H13: 4.1 | I13: 46222 | J13: https://www.espn.com/college-football/fpi | K13: =IF($H13="","",$H13-AVERAGE($H$6:$H$143)) | M13: =IF($L13="","",IF($C13="FBS-RECLASSIFYING",IF($L13<0,$L13,$L13*(1-SETTINGS!$B$16)),$L13*(1-SETTINGS!$B$15))) | P13: =IF($M13="","",$M13-AVERAGE($M$6:$M$143)) | Q13: 6.4 | R13: 46222 | S13: https://www.teamrankings.com/college-football/ranking/predictive-by-other | T13: =IF($Q13="","",$Q13-AVERAGE($Q$6:$Q$143)) | X13: =IF($U13="","",$U13-AVERAGE($U$6:$U$143)) | Y13: =IF($A13="","",SETTINGS!$B$28*ISNUMBER($G13)+SETTINGS!$B$29*ISNUMBER($K13)+SETTINGS!$B$30*ISNUMBER($P13)+SETTINGS!$B$31*ISNUMBER($T13)+SETTINGS!$B$32*ISNUMBER($X13)) | Z13: =IF($A13="","",IF($Y13=0,"",(SETTINGS!$B$28*IF(ISNUMBER($G13),$G13,0)+SETTINGS!$B$29*IF(ISNUMBER($K13),$K13,0)+SETTINGS!$B$30*IF(ISNUMBER($P13),$P13,0)+SETTINGS!$B$31*IF(ISNUMBER($T13),$T13,0)+SETTINGS!$B$32*IF(ISNUMBER($X13),$X13,0))/$Y13)) | AA13: =IF($A13="","",COUNT($D13,$H13,$L13,$Q13,$U13)) | AB13: =IF($A13="","",IF($AA13<=1,"SINGLE-SOURCE / LOW CONFIDENCE","")) | AC13: =IF($A13="","",IF(AND($C13="FBS-RECLASSIFYING",ISNUMBER($L13),$L13<0),"NO-AUTO-UPGRADE GUARD APPLIED",""))
A14: =IF('TEAM MAP'!$A14="","",'TEAM MAP'!$A14) | B14: =IF('TEAM MAP'!$A14="","",'TEAM MAP'!$B14) | C14: =IF('TEAM MAP'!$A14="","",'TEAM MAP'!$D14) | D14: 14.8 | E14: 46108 | F14: https://www.espn.com/college-football/story/_/id/48306284/2026-college-football-sp+-rankings-138-fbs-teams | G14: =IF($D14="","",$D14-AVERAGE($D$6:$D$143)) | H14: 12.2 | I14: 46222 | J14: https://www.espn.com/college-football/fpi | K14: =IF($H14="","",$H14-AVERAGE($H$6:$H$143)) | M14: =IF($L14="","",IF($C14="FBS-RECLASSIFYING",IF($L14<0,$L14,$L14*(1-SETTINGS!$B$16)),$L14*(1-SETTINGS!$B$15))) | P14: =IF($M14="","",$M14-AVERAGE($M$6:$M$143)) | Q14: 15.4 | R14: 46222 | S14: https://www.teamrankings.com/college-football/ranking/predictive-by-other | T14: =IF($Q14="","",$Q14-AVERAGE($Q$6:$Q$143)) | X14: =IF($U14="","",$U14-AVERAGE($U$6:$U$143)) | Y14: =IF($A14="","",SETTINGS!$B$28*ISNUMBER($G14)+SETTINGS!$B$29*ISNUMBER($K14)+SETTINGS!$B$30*ISNUMBER($P14)+SETTINGS!$B$31*ISNUMBER($T14)+SETTINGS!$B$32*ISNUMBER($X14)) | Z14: =IF($A14="","",IF($Y14=0,"",(SETTINGS!$B$28*IF(ISNUMBER($G14),$G14,0)+SETTINGS!$B$29*IF(ISNUMBER($K14),$K14,0)+SETTINGS!$B$30*IF(ISNUMBER($P14),$P14,0)+SETTINGS!$B$31*IF(ISNUMBER($T14),$T14,0)+SETTINGS!$B$32*IF(ISNUMBER($X14),$X14,0))/$Y14)) | AA14: =IF($A14="","",COUNT($D14,$H14,$L14,$Q14,$U14)) | AB14: =IF($A14="","",IF($AA14<=1,"SINGLE-SOURCE / LOW CONFIDENCE","")) | AC14: =IF($A14="","",IF(AND($C14="FBS-RECLASSIFYING",ISNUMBER($L14),$L14<0),"NO-AUTO-UPGRADE GUARD APPLIED",""))
A15: =IF('TEAM MAP'!$A15="","",'TEAM MAP'!$A15) | B15: =IF('TEAM MAP'!$A15="","",'TEAM MAP'!$B15) | C15: =IF('TEAM MAP'!$A15="","",'TEAM MAP'!$D15) | D15: 17.2 | E15: 46108 | F15: https://www.espn.com/college-football/story/_/id/48306284/2026-college-football-sp+-rankings-138-fbs-teams | G15: =IF($D15="","",$D15-AVERAGE($D$6:$D$143)) | H15: 17.8 | I15: 46222 | J15: https://www.espn.com/college-football/fpi | K15: =IF($H15="","",$H15-AVERAGE($H$6:$H$143)) | M15: =IF($L15="","",IF($C15="FBS-RECLASSIFYING",IF($L15<0,$L15,$L15*(1-SETTINGS!$B$16)),$L15*(1-SETTINGS!$B$15))) | P15: =IF($M15="","",$M15-AVERAGE($M$6:$M$143)) | Q15: 22 | R15: 46222 | S15: https://www.teamrankings.com/college-football/ranking/predictive-by-other | T15: =IF($Q15="","",$Q15-AVERAGE($Q$6:$Q$143)) | X15: =IF($U15="","",$U15-AVERAGE($U$6:$U$143)) | Y15: =IF($A15="","",SETTINGS!$B$28*ISNUMBER($G15)+SETTINGS!$B$29*ISNUMBER($K15)+SETTINGS!$B$30*ISNUMBER($P15)+SETTINGS!$B$31*ISNUMBER($T15)+SETTINGS!$B$32*ISNUMBER($X15)) | Z15: =IF($A15="","",IF($Y15=0,"",(SETTINGS!$B$28*IF(ISNUMBER($G15),$G15,0)+SETTINGS!$B$29*IF(ISNUMBER($K15),$K15,0)+SETTINGS!$B$30*IF(ISNUMBER($P15),$P15,0)+SETTINGS!$B$31*IF(ISNUMBER($T15),$T15,0)+SETTINGS!$B$32*IF(ISNUMBER($X15),$X15,0))/$Y15)) | AA15: =IF($A15="","",COUNT($D15,$H15,$L15,$Q15,$U15)) | AB15: =IF($A15="","",IF($AA15<=1,"SINGLE-SOURCE / LOW CONFIDENCE","")) | AC15: =IF($A15="","",IF(AND($C15="FBS-RECLASSIFYING",ISNUMBER($L15),$L15<0),"NO-AUTO-UPGRADE GUARD APPLIED",""))
A16: =IF('TEAM MAP'!$A16="","",'TEAM MAP'!$A16) | B16: =IF('TEAM MAP'!$A16="","",'TEAM MAP'!$B16) | C16: =IF('TEAM MAP'!$A16="","",'TEAM MAP'!$D16) | D16: 15.9 | E16: 46108 | F16: https://www.espn.com/college-football/story/_/id/48306284/2026-college-football-sp+-rankings-138-fbs-teams | G16: =IF($D16="","",$D16-AVERAGE($D$6:$D$143)) | H16: 16 | I16: 46222 | J16: https://www.espn.com/college-football/fpi | K16: =IF($H16="","",$H16-AVERAGE($H$6:$H$143)) | M16: =IF($L16="","",IF($C16="FBS-RECLASSIFYING",IF($L16<0,$L16,$L16*(1-SETTINGS!$B$16)),$L16*(1-SETTINGS!$B$15))) | P16: =IF($M16="","",$M16-AVERAGE($M$6:$M$143)) | Q16: 22.3 | R16: 46222 | S16: https://www.teamrankings.com/college-football/ranking/predictive-by-other | T16: =IF($Q16="","",$Q16-AVERAGE($Q$6:$Q$143)) | X16: =IF($U16="","",$U16-AVERAGE($U$6:$U$143)) | Y16: =IF($A16="","",SETTINGS!$B$28*ISNUMBER($G16)+SETTINGS!$B$29*ISNUMBER($K16)+SETTINGS!$B$30*ISNUMBER($P16)+SETTINGS!$B$31*ISNUMBER($T16)+SETTINGS!$B$32*ISNUMBER($X16)) | Z16: =IF($A16="","",IF($Y16=0,"",(SETTINGS!$B$28*IF(ISNUMBER($G16),$G16,0)+SETTINGS!$B$29*IF(ISNUMBER($K16),$K16,0)+SETTINGS!$B$30*IF(ISNUMBER($P16),$P16,0)+SETTINGS!$B$31*IF(ISNUMBER($T16),$T16,0)+SETTINGS!$B$32*IF(ISNUMBER($X16),$X16,0))/$Y16)) | AA16: =IF($A16="","",COUNT($D16,$H16,$L16,$Q16,$U16)) | AB16: =IF($A16="","",IF($AA16<=1,"SINGLE-SOURCE / LOW CONFIDENCE","")) | AC16: =IF($A16="","",IF(AND($C16="FBS-RECLASSIFYING",ISNUMBER($L16),$L16<0),"NO-AUTO-UPGRADE GUARD APPLIED",""))
A17: =IF('TEAM MAP'!$A17="","",'TEAM MAP'!$A17) | B17: =IF('TEAM MAP'!$A17="","",'TEAM MAP'!$B17) | C17: =IF('TEAM MAP'!$A17="","",'TEAM MAP'!$D17) | D17: 12.1 | E17: 46108 | F17: https://www.espn.com/college-football/story/_/id/48306284/2026-college-football-sp+-rankings-138-fbs-teams | G17: =IF($D17="","",$D17-AVERAGE($D$6:$D$143)) | H17: 11.7 | I17: 46222 | J17: https://www.espn.com/college-football/fpi | K17: =IF($H17="","",$H17-AVERAGE($H$6:$H$143)) | M17: =IF($L17="","",IF($C17="FBS-RECLASSIFYING",IF($L17<0,$L17,$L17*(1-SETTINGS!$B$16)),$L17*(1-SETTINGS!$B$15))) | P17: =IF($M17="","",$M17-AVERAGE($M$6:$M$143)) | Q17: 12.2 | R17: 46222 | S17: https://www.teamrankings.com/college-football/ranking/predictive-by-other | T17: =IF($Q17="","",$Q17-AVERAGE($Q$6:$Q$143)) | X17: =IF($U17="","",$U17-AVERAGE($U$6:$U$143)) | Y17: =IF($A17="","",SETTINGS!$B$28*ISNUMBER($G17)+SETTINGS!$B$29*ISNUMBER($K17)+SETTINGS!$B$30*ISNUMBER($P17)+SETTINGS!$B$31*ISNUMBER($T17)+SETTINGS!$B$32*ISNUMBER($X17)) | Z17: =IF($A17="","",IF($Y17=0,"",(SETTINGS!$B$28*IF(ISNUMBER($G17),$G17,0)+SETTINGS!$B$29*IF(ISNUMBER($K17),$K17,0)+SETTINGS!$B$30*IF(ISNUMBER($P17),$P17,0)+SETTINGS!$B$31*IF(ISNUMBER($T17),$T17,0)+SETTINGS!$B$32*IF(ISNUMBER($X17),$X17,0))/$Y17)) | AA17: =IF($A17="","",COUNT($D17,$H17,$L17,$Q17,$U17)) | AB17: =IF($A17="","",IF($AA17<=1,"SINGLE-SOURCE / LOW CONFIDENCE","")) | AC17: =IF($A17="","",IF(AND($C17="FBS-RECLASSIFYING",ISNUMBER($L17),$L17<0),"NO-AUTO-UPGRADE GUARD APPLIED",""))
... A143: =IF('TEAM MAP'!$A143="","",'TEAM MAP'!$A143) | B143: =IF('TEAM MAP'!$A143="","",'TEAM MAP'!$B143) | C143: =IF('TEAM MAP'!$A143="","",'TEAM MAP'!$D143) | D143: -11.2 | E143: 46108 | F143: https://www.espn.com/college-football/story/_/id/48306284/2026-college-football-sp+-rankings-138-fbs-teams | G143: =IF($D143="","",$D143-AVERAGE($D$6:$D$143)) | H143: -11.2 | I143: 46222 | J143: https://www.espn.com/college-football/fpi | K143: =IF($H143="","",$H143-AVERAGE($H$6:$H$143)) | M143: =IF($L143="","",IF($C143="FBS-RECLASSIFYING",IF($L143<0,$L143,$L143*(1-SETTINGS!$B$16)),$L143*(1-SETTINGS!$B$15))) | P143: =IF($M143="","",$M143-AVERAGE($M$6:$M$143)) | Q143: -10.9 | R143: 46222 | S143: https://www.teamrankings.com/college-football/ranking/predictive-by-other | T143: =IF($Q143="","",$Q143-AVERAGE($Q$6:$Q$143)) | X143: =IF($U143="","",$U143-AVERAGE($U$6:$U$143)) | Y143: =IF($A143="","",SETTINGS!$B$28*ISNUMBER($G143)+SETTINGS!$B$29*ISNUMBER($K143)+SETTINGS!$B$30*ISNUMBER($P143)+SETTINGS!$B$31*ISNUMBER($T143)+SETTINGS!$B$32*ISNUMBER($X143)) | Z143: =IF($A143="","",IF($Y143=0,"",(SETTINGS!$B$28*IF(ISNUMBER($G143),$G143,0)+SETTINGS!$B$29*IF(ISNUMBER($K143),$K143,0)+SETTINGS!$B$30*IF(ISNUMBER($P143),$P143,0)+SETTINGS!$B$31*IF(ISNUMBER($T143),$T143,0)+SETTINGS!$B$32*IF(ISNUMBER($X143),$X143,0))/$Y143)) | AA143: =IF($A143="","",COUNT($D143,$H143,$L143,$Q143,$U143)) | AB143: =IF($A143="","",IF($AA143<=1,"SINGLE-SOURCE / LOW CONFIDENCE","")) | AC143: =IF($A143="","",IF(AND($C143="FBS-RECLASSIFYING",ISNUMBER($L143),$L143<0),"NO-AUTO-UPGRADE GUARD APPLIED",""))

Sheet TEAM RATINGS
A6: =IF('TEAM MAP'!$A6="","",'TEAM MAP'!$A6) | B6: =IF('TEAM MAP'!$A6="","",'TEAM MAP'!$B6) | C6: =IF('TEAM MAP'!$A6="","",'TEAM MAP'!$C6) | D6: =IF('TEAM MAP'!$A6="","",'TEAM MAP'!$E6) | E6: =IF($A6="","",IF(ISNA(MATCH($A6,PRESEASON!$A$6:$A$143,0)),"",IF(INDEX(PRESEASON!$Z$6:$Z$143,MATCH($A6,PRESEASON!$A$6:$A$143,0))="","",INDEX(PRESEASON!$Z$6:$Z$143,MATCH($A6,PRESEASON!$A$6:$A$143,0))))) | F6: =IF($A6="","",SUMIFS(CLEAN!$AB$6:$AB$1005,CLEAN!$P$6:$P$1005,$A6)+SUMIFS(CLEAN!$AC$6:$AC$1005,CLEAN!$N$6:$N$1005,$A6)) | G6: =IF(OR($A6="",$F6=""),"",IF(MIN($F6,9)>=9,SETTINGS!$C$46,INDEX(SETTINGS!$C$37:$C$46,INT(MIN($F6,9))+1)+(MIN($F6,9)-INT(MIN($F6,9)))*(INDEX(SETTINGS!$C$37:$C$46,INT(MIN($F6,9))+2)-INDEX(SETTINGS!$C$37:$C$46,INT(MIN($F6,9))+1)))) | H6: =IF($A6="","",IF(ISNA(MATCH($A6,CALC!$A$6:$A$143,0)),"",IF(INDEX(CALC!$H$6:$H$143,MATCH($A6,CALC!$A$6:$A$143,0))="","",INDEX(CALC!$H$6:$H$143,MATCH($A6,CALC!$A$6:$A$143,0))))) | I6: =IF($E6="","",IF(OR($H6="",$F6=0,$F6=""),$E6,$G6*$E6+(1-$G6)*$H6)) | J6: =IF(OR($A6="",SETTINGS!$B$4="",SETTINGS!$B$4<=1),"",IF(COUNTIFS(HISTORY!$A$6:$A$3005,SETTINGS!$B$4-1,HISTORY!$B$6:$B$3005,$A6)=1,SUMIFS(HISTORY!$C$6:$C$3005,HISTORY!$A$6:$A$3005,SETTINGS!$B$4-1,HISTORY!$B$6:$B$3005,$A6),"")) | K6: =IF($I6="","",IF(ISNUMBER($J6),$J6+MAX(-SETTINGS!$B$12,MIN(SETTINGS!$B$12,$I6-$J6)),$I6)) | O6: =IF($A6="","",IF(ISNUMBER($L6),$L6,IF($K6="","",$K6))) | P6: =IF($A6="","",IF(ISNUMBER($L6),"OVERRIDE","MODEL")) | Q6: =IF($A6="","",SETTINGS!$B$6) | S6: =IF($A6="","",IF(ISNUMBER($R6),$R6,$Q6)) | W6: =IF($A6="","",SUMIFS(CLEAN!$AD$6:$AD$1005,CLEAN!$P$6:$P$1005,$A6)+SUMIFS(CLEAN!$AE$6:$AE$1005,CLEAN!$N$6:$N$1005,$A6))
A7: =IF('TEAM MAP'!$A7="","",'TEAM MAP'!$A7) | B7: =IF('TEAM MAP'!$A7="","",'TEAM MAP'!$B7) | C7: =IF('TEAM MAP'!$A7="","",'TEAM MAP'!$C7) | D7: =IF('TEAM MAP'!$A7="","",'TEAM MAP'!$E7) | E7: =IF($A7="","",IF(ISNA(MATCH($A7,PRESEASON!$A$6:$A$143,0)),"",IF(INDEX(PRESEASON!$Z$6:$Z$143,MATCH($A7,PRESEASON!$A$6:$A$143,0))="","",INDEX(PRESEASON!$Z$6:$Z$143,MATCH($A7,PRESEASON!$A$6:$A$143,0))))) | F7: =IF($A7="","",SUMIFS(CLEAN!$AB$6:$AB$1005,CLEAN!$P$6:$P$1005,$A7)+SUMIFS(CLEAN!$AC$6:$AC$1005,CLEAN!$N$6:$N$1005,$A7)) | G7: =IF(OR($A7="",$F7=""),"",IF(MIN($F7,9)>=9,SETTINGS!$C$46,INDEX(SETTINGS!$C$37:$C$46,INT(MIN($F7,9))+1)+(MIN($F7,9)-INT(MIN($F7,9)))*(INDEX(SETTINGS!$C$37:$C$46,INT(MIN($F7,9))+2)-INDEX(SETTINGS!$C$37:$C$46,INT(MIN($F7,9))+1)))) | H7: =IF($A7="","",IF(ISNA(MATCH($A7,CALC!$A$6:$A$143,0)),"",IF(INDEX(CALC!$H$6:$H$143,MATCH($A7,CALC!$A$6:$A$143,0))="","",INDEX(CALC!$H$6:$H$143,MATCH($A7,CALC!$A$6:$A$143,0))))) | I7: =IF($E7="","",IF(OR($H7="",$F7=0,$F7=""),$E7,$G7*$E7+(1-$G7)*$H7)) | J7: =IF(OR($A7="",SETTINGS!$B$4="",SETTINGS!$B$4<=1),"",IF(COUNTIFS(HISTORY!$A$6:$A$3005,SETTINGS!$B$4-1,HISTORY!$B$6:$B$3005,$A7)=1,SUMIFS(HISTORY!$C$6:$C$3005,HISTORY!$A$6:$A$3005,SETTINGS!$B$4-1,HISTORY!$B$6:$B$3005,$A7),"")) | K7: =IF($I7="","",IF(ISNUMBER($J7),$J7+MAX(-SETTINGS!$B$12,MIN(SETTINGS!$B$12,$I7-$J7)),$I7)) | O7: =IF($A7="","",IF(ISNUMBER($L7),$L7,IF($K7="","",$K7))) | P7: =IF($A7="","",IF(ISNUMBER($L7),"OVERRIDE","MODEL")) | Q7: =IF($A7="","",SETTINGS!$B$6) | S7: =IF($A7="","",IF(ISNUMBER($R7),$R7,$Q7)) | W7: =IF($A7="","",SUMIFS(CLEAN!$AD$6:$AD$1005,CLEAN!$P$6:$P$1005,$A7)+SUMIFS(CLEAN!$AE$6:$AE$1005,CLEAN!$N$6:$N$1005,$A7))
A8: =IF('TEAM MAP'!$A8="","",'TEAM MAP'!$A8) | B8: =IF('TEAM MAP'!$A8="","",'TEAM MAP'!$B8) | C8: =IF('TEAM MAP'!$A8="","",'TEAM MAP'!$C8) | D8: =IF('TEAM MAP'!$A8="","",'TEAM MAP'!$E8) | E8: =IF($A8="","",IF(ISNA(MATCH($A8,PRESEASON!$A$6:$A$143,0)),"",IF(INDEX(PRESEASON!$Z$6:$Z$143,MATCH($A8,PRESEASON!$A$6:$A$143,0))="","",INDEX(PRESEASON!$Z$6:$Z$143,MATCH($A8,PRESEASON!$A$6:$A$143,0))))) | F8: =IF($A8="","",SUMIFS(CLEAN!$AB$6:$AB$1005,CLEAN!$P$6:$P$1005,$A8)+SUMIFS(CLEAN!$AC$6:$AC$1005,CLEAN!$N$6:$N$1005,$A8)) | G8: =IF(OR($A8="",$F8=""),"",IF(MIN($F8,9)>=9,SETTINGS!$C$46,INDEX(SETTINGS!$C$37:$C$46,INT(MIN($F8,9))+1)+(MIN($F8,9)-INT(MIN($F8,9)))*(INDEX(SETTINGS!$C$37:$C$46,INT(MIN($F8,9))+2)-INDEX(SETTINGS!$C$37:$C$46,INT(MIN($F8,9))+1)))) | H8: =IF($A8="","",IF(ISNA(MATCH($A8,CALC!$A$6:$A$143,0)),"",IF(INDEX(CALC!$H$6:$H$143,MATCH($A8,CALC!$A$6:$A$143,0))="","",INDEX(CALC!$H$6:$H$143,MATCH($A8,CALC!$A$6:$A$143,0))))) | I8: =IF($E8="","",IF(OR($H8="",$F8=0,$F8=""),$E8,$G8*$E8+(1-$G8)*$H8)) | J8: =IF(OR($A8="",SETTINGS!$B$4="",SETTINGS!$B$4<=1),"",IF(COUNTIFS(HISTORY!$A$6:$A$3005,SETTINGS!$B$4-1,HISTORY!$B$6:$B$3005,$A8)=1,SUMIFS(HISTORY!$C$6:$C$3005,HISTORY!$A$6:$A$3005,SETTINGS!$B$4-1,HISTORY!$B$6:$B$3005,$A8),"")) | K8: =IF($I8="","",IF(ISNUMBER($J8),$J8+MAX(-SETTINGS!$B$12,MIN(SETTINGS!$B$12,$I8-$J8)),$I8)) | O8: =IF($A8="","",IF(ISNUMBER($L8),$L8,IF($K8="","",$K8))) | P8: =IF($A8="","",IF(ISNUMBER($L8),"OVERRIDE","MODEL")) | Q8: =IF($A8="","",SETTINGS!$B$6) | S8: =IF($A8="","",IF(ISNUMBER($R8),$R8,$Q8)) | W8: =IF($A8="","",SUMIFS(CLEAN!$AD$6:$AD$1005,CLEAN!$P$6:$P$1005,$A8)+SUMIFS(CLEAN!$AE$6:$AE$1005,CLEAN!$N$6:$N$1005,$A8))
A9: =IF('TEAM MAP'!$A9="","",'TEAM MAP'!$A9) | B9: =IF('TEAM MAP'!$A9="","",'TEAM MAP'!$B9) | C9: =IF('TEAM MAP'!$A9="","",'TEAM MAP'!$C9) | D9: =IF('TEAM MAP'!$A9="","",'TEAM MAP'!$E9) | E9: =IF($A9="","",IF(ISNA(MATCH($A9,PRESEASON!$A$6:$A$143,0)),"",IF(INDEX(PRESEASON!$Z$6:$Z$143,MATCH($A9,PRESEASON!$A$6:$A$143,0))="","",INDEX(PRESEASON!$Z$6:$Z$143,MATCH($A9,PRESEASON!$A$6:$A$143,0))))) | F9: =IF($A9="","",SUMIFS(CLEAN!$AB$6:$AB$1005,CLEAN!$P$6:$P$1005,$A9)+SUMIFS(CLEAN!$AC$6:$AC$1005,CLEAN!$N$6:$N$1005,$A9)) | G9: =IF(OR($A9="",$F9=""),"",IF(MIN($F9,9)>=9,SETTINGS!$C$46,INDEX(SETTINGS!$C$37:$C$46,INT(MIN($F9,9))+1)+(MIN($F9,9)-INT(MIN($F9,9)))*(INDEX(SETTINGS!$C$37:$C$46,INT(MIN($F9,9))+2)-INDEX(SETTINGS!$C$37:$C$46,INT(MIN($F9,9))+1)))) | H9: =IF($A9="","",IF(ISNA(MATCH($A9,CALC!$A$6:$A$143,0)),"",IF(INDEX(CALC!$H$6:$H$143,MATCH($A9,CALC!$A$6:$A$143,0))="","",INDEX(CALC!$H$6:$H$143,MATCH($A9,CALC!$A$6:$A$143,0))))) | I9: =IF($E9="","",IF(OR($H9="",$F9=0,$F9=""),$E9,$G9*$E9+(1-$G9)*$H9)) | J9: =IF(OR($A9="",SETTINGS!$B$4="",SETTINGS!$B$4<=1),"",IF(COUNTIFS(HISTORY!$A$6:$A$3005,SETTINGS!$B$4-1,HISTORY!$B$6:$B$3005,$A9)=1,SUMIFS(HISTORY!$C$6:$C$3005,HISTORY!$A$6:$A$3005,SETTINGS!$B$4-1,HISTORY!$B$6:$B$3005,$A9),"")) | K9: =IF($I9="","",IF(ISNUMBER($J9),$J9+MAX(-SETTINGS!$B$12,MIN(SETTINGS!$B$12,$I9-$J9)),$I9)) | O9: =IF($A9="","",IF(ISNUMBER($L9),$L9,IF($K9="","",$K9))) | P9: =IF($A9="","",IF(ISNUMBER($L9),"OVERRIDE","MODEL")) | Q9: =IF($A9="","",SETTINGS!$B$6) | S9: =IF($A9="","",IF(ISNUMBER($R9),$R9,$Q9)) | W9: =IF($A9="","",SUMIFS(CLEAN!$AD$6:$AD$1005,CLEAN!$P$6:$P$1005,$A9)+SUMIFS(CLEAN!$AE$6:$AE$1005,CLEAN!$N$6:$N$1005,$A9))
A10: =IF('TEAM MAP'!$A10="","",'TEAM MAP'!$A10) | B10: =IF('TEAM MAP'!$A10="","",'TEAM MAP'!$B10) | C10: =IF('TEAM MAP'!$A10="","",'TEAM MAP'!$C10) | D10: =IF('TEAM MAP'!$A10="","",'TEAM MAP'!$E10) | E10: =IF($A10="","",IF(ISNA(MATCH($A10,PRESEASON!$A$6:$A$143,0)),"",IF(INDEX(PRESEASON!$Z$6:$Z$143,MATCH($A10,PRESEASON!$A$6:$A$143,0))="","",INDEX(PRESEASON!$Z$6:$Z$143,MATCH($A10,PRESEASON!$A$6:$A$143,0))))) | F10: =IF($A10="","",SUMIFS(CLEAN!$AB$6:$AB$1005,CLEAN!$P$6:$P$1005,$A10)+SUMIFS(CLEAN!$AC$6:$AC$1005,CLEAN!$N$6:$N$1005,$A10)) | G10: =IF(OR($A10="",$F10=""),"",IF(MIN($F10,9)>=9,SETTINGS!$C$46,INDEX(SETTINGS!$C$37:$C$46,INT(MIN($F10,9))+1)+(MIN($F10,9)-INT(MIN($F10,9)))*(INDEX(SETTINGS!$C$37:$C$46,INT(MIN($F10,9))+2)-INDEX(SETTINGS!$C$37:$C$46,INT(MIN($F10,9))+1)))) | H10: =IF($A10="","",IF(ISNA(MATCH($A10,CALC!$A$6:$A$143,0)),"",IF(INDEX(CALC!$H$6:$H$143,MATCH($A10,CALC!$A$6:$A$143,0))="","",INDEX(CALC!$H$6:$H$143,MATCH($A10,CALC!$A$6:$A$143,0))))) | I10: =IF($E10="","",IF(OR($H10="",$F10=0,$F10=""),$E10,$G10*$E10+(1-$G10)*$H10)) | J10: =IF(OR($A10="",SETTINGS!$B$4="",SETTINGS!$B$4<=1),"",IF(COUNTIFS(HISTORY!$A$6:$A$3005,SETTINGS!$B$4-1,HISTORY!$B$6:$B$3005,$A10)=1,SUMIFS(HISTORY!$C$6:$C$3005,HISTORY!$A$6:$A$3005,SETTINGS!$B$4-1,HISTORY!$B$6:$B$3005,$A10),"")) | K10: =IF($I10="","",IF(ISNUMBER($J10),$J10+MAX(-SETTINGS!$B$12,MIN(SETTINGS!$B$12,$I10-$J10)),$I10)) | O10: =IF($A10="","",IF(ISNUMBER($L10),$L10,IF($K10="","",$K10))) | P10: =IF($A10="","",IF(ISNUMBER($L10),"OVERRIDE","MODEL")) | Q10: =IF($A10="","",SETTINGS!$B$6) | S10: =IF($A10="","",IF(ISNUMBER($R10),$R10,$Q10)) | W10: =IF($A10="","",SUMIFS(CLEAN!$AD$6:$AD$1005,CLEAN!$P$6:$P$1005,$A10)+SUMIFS(CLEAN!$AE$6:$AE$1005,CLEAN!$N$6:$N$1005,$A10))
A11: =IF('TEAM MAP'!$A11="","",'TEAM MAP'!$A11) | B11: =IF('TEAM MAP'!$A11="","",'TEAM MAP'!$B11) | C11: =IF('TEAM MAP'!$A11="","",'TEAM MAP'!$C11) | D11: =IF('TEAM MAP'!$A11="","",'TEAM MAP'!$E11) | E11: =IF($A11="","",IF(ISNA(MATCH($A11,PRESEASON!$A$6:$A$143,0)),"",IF(INDEX(PRESEASON!$Z$6:$Z$143,MATCH($A11,PRESEASON!$A$6:$A$143,0))="","",INDEX(PRESEASON!$Z$6:$Z$143,MATCH($A11,PRESEASON!$A$6:$A$143,0))))) | F11: =IF($A11="","",SUMIFS(CLEAN!$AB$6:$AB$1005,CLEAN!$P$6:$P$1005,$A11)+SUMIFS(CLEAN!$AC$6:$AC$1005,CLEAN!$N$6:$N$1005,$A11)) | G11: =IF(OR($A11="",$F11=""),"",IF(MIN($F11,9)>=9,SETTINGS!$C$46,INDEX(SETTINGS!$C$37:$C$46,INT(MIN($F11,9))+1)+(MIN($F11,9)-INT(MIN($F11,9)))*(INDEX(SETTINGS!$C$37:$C$46,INT(MIN($F11,9))+2)-INDEX(SETTINGS!$C$37:$C$46,INT(MIN($F11,9))+1)))) | H11: =IF($A11="","",IF(ISNA(MATCH($A11,CALC!$A$6:$A$143,0)),"",IF(INDEX(CALC!$H$6:$H$143,MATCH($A11,CALC!$A$6:$A$143,0))="","",INDEX(CALC!$H$6:$H$143,MATCH($A11,CALC!$A$6:$A$143,0))))) | I11: =IF($E11="","",IF(OR($H11="",$F11=0,$F11=""),$E11,$G11*$E11+(1-$G11)*$H11)) | J11: =IF(OR($A11="",SETTINGS!$B$4="",SETTINGS!$B$4<=1),"",IF(COUNTIFS(HISTORY!$A$6:$A$3005,SETTINGS!$B$4-1,HISTORY!$B$6:$B$3005,$A11)=1,SUMIFS(HISTORY!$C$6:$C$3005,HISTORY!$A$6:$A$3005,SETTINGS!$B$4-1,HISTORY!$B$6:$B$3005,$A11),"")) | K11: =IF($I11="","",IF(ISNUMBER($J11),$J11+MAX(-SETTINGS!$B$12,MIN(SETTINGS!$B$12,$I11-$J11)),$I11)) | O11: =IF($A11="","",IF(ISNUMBER($L11),$L11,IF($K11="","",$K11))) | P11: =IF($A11="","",IF(ISNUMBER($L11),"OVERRIDE","MODEL")) | Q11: =IF($A11="","",SETTINGS!$B$6) | S11: =IF($A11="","",IF(ISNUMBER($R11),$R11,$Q11)) | W11: =IF($A11="","",SUMIFS(CLEAN!$AD$6:$AD$1005,CLEAN!$P$6:$P$1005,$A11)+SUMIFS(CLEAN!$AE$6:$AE$1005,CLEAN!$N$6:$N$1005,$A11))
A12: =IF('TEAM MAP'!$A12="","",'TEAM MAP'!$A12) | B12: =IF('TEAM MAP'!$A12="","",'TEAM MAP'!$B12) | C12: =IF('TEAM MAP'!$A12="","",'TEAM MAP'!$C12) | D12: =IF('TEAM MAP'!$A12="","",'TEAM MAP'!$E12) | E12: =IF($A12="","",IF(ISNA(MATCH($A12,PRESEASON!$A$6:$A$143,0)),"",IF(INDEX(PRESEASON!$Z$6:$Z$143,MATCH($A12,PRESEASON!$A$6:$A$143,0))="","",INDEX(PRESEASON!$Z$6:$Z$143,MATCH($A12,PRESEASON!$A$6:$A$143,0))))) | F12: =IF($A12="","",SUMIFS(CLEAN!$AB$6:$AB$1005,CLEAN!$P$6:$P$1005,$A12)+SUMIFS(CLEAN!$AC$6:$AC$1005,CLEAN!$N$6:$N$1005,$A12)) | G12: =IF(OR($A12="",$F12=""),"",IF(MIN($F12,9)>=9,SETTINGS!$C$46,INDEX(SETTINGS!$C$37:$C$46,INT(MIN($F12,9))+1)+(MIN($F12,9)-INT(MIN($F12,9)))*(INDEX(SETTINGS!$C$37:$C$46,INT(MIN($F12,9))+2)-INDEX(SETTINGS!$C$37:$C$46,INT(MIN($F12,9))+1)))) | H12: =IF($A12="","",IF(ISNA(MATCH($A12,CALC!$A$6:$A$143,0)),"",IF(INDEX(CALC!$H$6:$H$143,MATCH($A12,CALC!$A$6:$A$143,0))="","",INDEX(CALC!$H$6:$H$143,MATCH($A12,CALC!$A$6:$A$143,0))))) | I12: =IF($E12="","",IF(OR($H12="",$F12=0,$F12=""),$E12,$G12*$E12+(1-$G12)*$H12)) | J12: =IF(OR($A12="",SETTINGS!$B$4="",SETTINGS!$B$4<=1),"",IF(COUNTIFS(HISTORY!$A$6:$A$3005,SETTINGS!$B$4-1,HISTORY!$B$6:$B$3005,$A12)=1,SUMIFS(HISTORY!$C$6:$C$3005,HISTORY!$A$6:$A$3005,SETTINGS!$B$4-1,HISTORY!$B$6:$B$3005,$A12),"")) | K12: =IF($I12="","",IF(ISNUMBER($J12),$J12+MAX(-SETTINGS!$B$12,MIN(SETTINGS!$B$12,$I12-$J12)),$I12)) | O12: =IF($A12="","",IF(ISNUMBER($L12),$L12,IF($K12="","",$K12))) | P12: =IF($A12="","",IF(ISNUMBER($L12),"OVERRIDE","MODEL")) | Q12: =IF($A12="","",SETTINGS!$B$6) | S12: =IF($A12="","",IF(ISNUMBER($R12),$R12,$Q12)) | W12: =IF($A12="","",SUMIFS(CLEAN!$AD$6:$AD$1005,CLEAN!$P$6:$P$1005,$A12)+SUMIFS(CLEAN!$AE$6:$AE$1005,CLEAN!$N$6:$N$1005,$A12))
A13: =IF('TEAM MAP'!$A13="","",'TEAM MAP'!$A13) | B13: =IF('TEAM MAP'!$A13="","",'TEAM MAP'!$B13) | C13: =IF('TEAM MAP'!$A13="","",'TEAM MAP'!$C13) | D13: =IF('TEAM MAP'!$A13="","",'TEAM MAP'!$E13) | E13: =IF($A13="","",IF(ISNA(MATCH($A13,PRESEASON!$A$6:$A$143,0)),"",IF(INDEX(PRESEASON!$Z$6:$Z$143,MATCH($A13,PRESEASON!$A$6:$A$143,0))="","",INDEX(PRESEASON!$Z$6:$Z$143,MATCH($A13,PRESEASON!$A$6:$A$143,0))))) | F13: =IF($A13="","",SUMIFS(CLEAN!$AB$6:$AB$1005,CLEAN!$P$6:$P$1005,$A13)+SUMIFS(CLEAN!$AC$6:$AC$1005,CLEAN!$N$6:$N$1005,$A13)) | G13: =IF(OR($A13="",$F13=""),"",IF(MIN($F13,9)>=9,SETTINGS!$C$46,INDEX(SETTINGS!$C$37:$C$46,INT(MIN($F13,9))+1)+(MIN($F13,9)-INT(MIN($F13,9)))*(INDEX(SETTINGS!$C$37:$C$46,INT(MIN($F13,9))+2)-INDEX(SETTINGS!$C$37:$C$46,INT(MIN($F13,9))+1)))) | H13: =IF($A13="","",IF(ISNA(MATCH($A13,CALC!$A$6:$A$143,0)),"",IF(INDEX(CALC!$H$6:$H$143,MATCH($A13,CALC!$A$6:$A$143,0))="","",INDEX(CALC!$H$6:$H$143,MATCH($A13,CALC!$A$6:$A$143,0))))) | I13: =IF($E13="","",IF(OR($H13="",$F13=0,$F13=""),$E13,$G13*$E13+(1-$G13)*$H13)) | J13: =IF(OR($A13="",SETTINGS!$B$4="",SETTINGS!$B$4<=1),"",IF(COUNTIFS(HISTORY!$A$6:$A$3005,SETTINGS!$B$4-1,HISTORY!$B$6:$B$3005,$A13)=1,SUMIFS(HISTORY!$C$6:$C$3005,HISTORY!$A$6:$A$3005,SETTINGS!$B$4-1,HISTORY!$B$6:$B$3005,$A13),"")) | K13: =IF($I13="","",IF(ISNUMBER($J13),$J13+MAX(-SETTINGS!$B$12,MIN(SETTINGS!$B$12,$I13-$J13)),$I13)) | O13: =IF($A13="","",IF(ISNUMBER($L13),$L13,IF($K13="","",$K13))) | P13: =IF($A13="","",IF(ISNUMBER($L13),"OVERRIDE","MODEL")) | Q13: =IF($A13="","",SETTINGS!$B$6) | S13: =IF($A13="","",IF(ISNUMBER($R13),$R13,$Q13)) | W13: =IF($A13="","",SUMIFS(CLEAN!$AD$6:$AD$1005,CLEAN!$P$6:$P$1005,$A13)+SUMIFS(CLEAN!$AE$6:$AE$1005,CLEAN!$N$6:$N$1005,$A13))
A14: =IF('TEAM MAP'!$A14="","",'TEAM MAP'!$A14) | B14: =IF('TEAM MAP'!$A14="","",'TEAM MAP'!$B14) | C14: =IF('TEAM MAP'!$A14="","",'TEAM MAP'!$C14) | D14: =IF('TEAM MAP'!$A14="","",'TEAM MAP'!$E14) | E14: =IF($A14="","",IF(ISNA(MATCH($A14,PRESEASON!$A$6:$A$143,0)),"",IF(INDEX(PRESEASON!$Z$6:$Z$143,MATCH($A14,PRESEASON!$A$6:$A$143,0))="","",INDEX(PRESEASON!$Z$6:$Z$143,MATCH($A14,PRESEASON!$A$6:$A$143,0))))) | F14: =IF($A14="","",SUMIFS(CLEAN!$AB$6:$AB$1005,CLEAN!$P$6:$P$1005,$A14)+SUMIFS(CLEAN!$AC$6:$AC$1005,CLEAN!$N$6:$N$1005,$A14)) | G14: =IF(OR($A14="",$F14=""),"",IF(MIN($F14,9)>=9,SETTINGS!$C$46,INDEX(SETTINGS!$C$37:$C$46,INT(MIN($F14,9))+1)+(MIN($F14,9)-INT(MIN($F14,9)))*(INDEX(SETTINGS!$C$37:$C$46,INT(MIN($F14,9))+2)-INDEX(SETTINGS!$C$37:$C$46,INT(MIN($F14,9))+1)))) | H14: =IF($A14="","",IF(ISNA(MATCH($A14,CALC!$A$6:$A$143,0)),"",IF(INDEX(CALC!$H$6:$H$143,MATCH($A14,CALC!$A$6:$A$143,0))="","",INDEX(CALC!$H$6:$H$143,MATCH($A14,CALC!$A$6:$A$143,0))))) | I14: =IF($E14="","",IF(OR($H14="",$F14=0,$F14=""),$E14,$G14*$E14+(1-$G14)*$H14)) | J14: =IF(OR($A14="",SETTINGS!$B$4="",SETTINGS!$B$4<=1),"",IF(COUNTIFS(HISTORY!$A$6:$A$3005,SETTINGS!$B$4-1,HISTORY!$B$6:$B$3005,$A14)=1,SUMIFS(HISTORY!$C$6:$C$3005,HISTORY!$A$6:$A$3005,SETTINGS!$B$4-1,HISTORY!$B$6:$B$3005,$A14),"")) | K14: =IF($I14="","",IF(ISNUMBER($J14),$J14+MAX(-SETTINGS!$B$12,MIN(SETTINGS!$B$12,$I14-$J14)),$I14)) | O14: =IF($A14="","",IF(ISNUMBER($L14),$L14,IF($K14="","",$K14))) | P14: =IF($A14="","",IF(ISNUMBER($L14),"OVERRIDE","MODEL")) | Q14: =IF($A14="","",SETTINGS!$B$6) | S14: =IF($A14="","",IF(ISNUMBER($R14),$R14,$Q14)) | W14: =IF($A14="","",SUMIFS(CLEAN!$AD$6:$AD$1005,CLEAN!$P$6:$P$1005,$A14)+SUMIFS(CLEAN!$AE$6:$AE$1005,CLEAN!$N$6:$N$1005,$A14))
A15: =IF('TEAM MAP'!$A15="","",'TEAM MAP'!$A15) | B15: =IF('TEAM MAP'!$A15="","",'TEAM MAP'!$B15) | C15: =IF('TEAM MAP'!$A15="","",'TEAM MAP'!$C15) | D15: =IF('TEAM MAP'!$A15="","",'TEAM MAP'!$E15) | E15: =IF($A15="","",IF(ISNA(MATCH($A15,PRESEASON!$A$6:$A$143,0)),"",IF(INDEX(PRESEASON!$Z$6:$Z$143,MATCH($A15,PRESEASON!$A$6:$A$143,0))="","",INDEX(PRESEASON!$Z$6:$Z$143,MATCH($A15,PRESEASON!$A$6:$A$143,0))))) | F15: =IF($A15="","",SUMIFS(CLEAN!$AB$6:$AB$1005,CLEAN!$P$6:$P$1005,$A15)+SUMIFS(CLEAN!$AC$6:$AC$1005,CLEAN!$N$6:$N$1005,$A15)) | G15: =IF(OR($A15="",$F15=""),"",IF(MIN($F15,9)>=9,SETTINGS!$C$46,INDEX(SETTINGS!$C$37:$C$46,INT(MIN($F15,9))+1)+(MIN($F15,9)-INT(MIN($F15,9)))*(INDEX(SETTINGS!$C$37:$C$46,INT(MIN($F15,9))+2)-INDEX(SETTINGS!$C$37:$C$46,INT(MIN($F15,9))+1)))) | H15: =IF($A15="","",IF(ISNA(MATCH($A15,CALC!$A$6:$A$143,0)),"",IF(INDEX(CALC!$H$6:$H$143,MATCH($A15,CALC!$A$6:$A$143,0))="","",INDEX(CALC!$H$6:$H$143,MATCH($A15,CALC!$A$6:$A$143,0))))) | I15: =IF($E15="","",IF(OR($H15="",$F15=0,$F15=""),$E15,$G15*$E15+(1-$G15)*$H15)) | J15: =IF(OR($A15="",SETTINGS!$B$4="",SETTINGS!$B$4<=1),"",IF(COUNTIFS(HISTORY!$A$6:$A$3005,SETTINGS!$B$4-1,HISTORY!$B$6:$B$3005,$A15)=1,SUMIFS(HISTORY!$C$6:$C$3005,HISTORY!$A$6:$A$3005,SETTINGS!$B$4-1,HISTORY!$B$6:$B$3005,$A15),"")) | K15: =IF($I15="","",IF(ISNUMBER($J15),$J15+MAX(-SETTINGS!$B$12,MIN(SETTINGS!$B$12,$I15-$J15)),$I15)) | O15: =IF($A15="","",IF(ISNUMBER($L15),$L15,IF($K15="","",$K15))) | P15: =IF($A15="","",IF(ISNUMBER($L15),"OVERRIDE","MODEL")) | Q15: =IF($A15="","",SETTINGS!$B$6) | S15: =IF($A15="","",IF(ISNUMBER($R15),$R15,$Q15)) | W15: =IF($A15="","",SUMIFS(CLEAN!$AD$6:$AD$1005,CLEAN!$P$6:$P$1005,$A15)+SUMIFS(CLEAN!$AE$6:$AE$1005,CLEAN!$N$6:$N$1005,$A15))
A16: =IF('TEAM MAP'!$A16="","",'TEAM MAP'!$A16) | B16: =IF('TEAM MAP'!$A16="","",'TEAM MAP'!$B16) | C16: =IF('TEAM MAP'!$A16="","",'TEAM MAP'!$C16) | D16: =IF('TEAM MAP'!$A16="","",'TEAM MAP'!$E16) | E16: =IF($A16="","",IF(ISNA(MATCH($A16,PRESEASON!$A$6:$A$143,0)),"",IF(INDEX(PRESEASON!$Z$6:$Z$143,MATCH($A16,PRESEASON!$A$6:$A$143,0))="","",INDEX(PRESEASON!$Z$6:$Z$143,MATCH($A16,PRESEASON!$A$6:$A$143,0))))) | F16: =IF($A16="","",SUMIFS(CLEAN!$AB$6:$AB$1005,CLEAN!$P$6:$P$1005,$A16)+SUMIFS(CLEAN!$AC$6:$AC$1005,CLEAN!$N$6:$N$1005,$A16)) | G16: =IF(OR($A16="",$F16=""),"",IF(MIN($F16,9)>=9,SETTINGS!$C$46,INDEX(SETTINGS!$C$37:$C$46,INT(MIN($F16,9))+1)+(MIN($F16,9)-INT(MIN($F16,9)))*(INDEX(SETTINGS!$C$37:$C$46,INT(MIN($F16,9))+2)-INDEX(SETTINGS!$C$37:$C$46,INT(MIN($F16,9))+1)))) | H16: =IF($A16="","",IF(ISNA(MATCH($A16,CALC!$A$6:$A$143,0)),"",IF(INDEX(CALC!$H$6:$H$143,MATCH($A16,CALC!$A$6:$A$143,0))="","",INDEX(CALC!$H$6:$H$143,MATCH($A16,CALC!$A$6:$A$143,0))))) | I16: =IF($E16="","",IF(OR($H16="",$F16=0,$F16=""),$E16,$G16*$E16+(1-$G16)*$H16)) | J16: =IF(OR($A16="",SETTINGS!$B$4="",SETTINGS!$B$4<=1),"",IF(COUNTIFS(HISTORY!$A$6:$A$3005,SETTINGS!$B$4-1,HISTORY!$B$6:$B$3005,$A16)=1,SUMIFS(HISTORY!$C$6:$C$3005,HISTORY!$A$6:$A$3005,SETTINGS!$B$4-1,HISTORY!$B$6:$B$3005,$A16),"")) | K16: =IF($I16="","",IF(ISNUMBER($J16),$J16+MAX(-SETTINGS!$B$12,MIN(SETTINGS!$B$12,$I16-$J16)),$I16)) | O16: =IF($A16="","",IF(ISNUMBER($L16),$L16,IF($K16="","",$K16))) | P16: =IF($A16="","",IF(ISNUMBER($L16),"OVERRIDE","MODEL")) | Q16: =IF($A16="","",SETTINGS!$B$6) | S16: =IF($A16="","",IF(ISNUMBER($R16),$R16,$Q16)) | W16: =IF($A16="","",SUMIFS(CLEAN!$AD$6:$AD$1005,CLEAN!$P$6:$P$1005,$A16)+SUMIFS(CLEAN!$AE$6:$AE$1005,CLEAN!$N$6:$N$1005,$A16))
A17: =IF('TEAM MAP'!$A17="","",'TEAM MAP'!$A17) | B17: =IF('TEAM MAP'!$A17="","",'TEAM MAP'!$B17) | C17: =IF('TEAM MAP'!$A17="","",'TEAM MAP'!$C17) | D17: =IF('TEAM MAP'!$A17="","",'TEAM MAP'!$E17) | E17: =IF($A17="","",IF(ISNA(MATCH($A17,PRESEASON!$A$6:$A$143,0)),"",IF(INDEX(PRESEASON!$Z$6:$Z$143,MATCH($A17,PRESEASON!$A$6:$A$143,0))="","",INDEX(PRESEASON!$Z$6:$Z$143,MATCH($A17,PRESEASON!$A$6:$A$143,0))))) | F17: =IF($A17="","",SUMIFS(CLEAN!$AB$6:$AB$1005,CLEAN!$P$6:$P$1005,$A17)+SUMIFS(CLEAN!$AC$6:$AC$1005,CLEAN!$N$6:$N$1005,$A17)) | G17: =IF(OR($A17="",$F17=""),"",IF(MIN($F17,9)>=9,SETTINGS!$C$46,INDEX(SETTINGS!$C$37:$C$46,INT(MIN($F17,9))+1)+(MIN($F17,9)-INT(MIN($F17,9)))*(INDEX(SETTINGS!$C$37:$C$46,INT(MIN($F17,9))+2)-INDEX(SETTINGS!$C$37:$C$46,INT(MIN($F17,9))+1)))) | H17: =IF($A17="","",IF(ISNA(MATCH($A17,CALC!$A$6:$A$143,0)),"",IF(INDEX(CALC!$H$6:$H$143,MATCH($A17,CALC!$A$6:$A$143,0))="","",INDEX(CALC!$H$6:$H$143,MATCH($A17,CALC!$A$6:$A$143,0))))) | I17: =IF($E17="","",IF(OR($H17="",$F17=0,$F17=""),$E17,$G17*$E17+(1-$G17)*$H17)) | J17: =IF(OR($A17="",SETTINGS!$B$4="",SETTINGS!$B$4<=1),"",IF(COUNTIFS(HISTORY!$A$6:$A$3005,SETTINGS!$B$4-1,HISTORY!$B$6:$B$3005,$A17)=1,SUMIFS(HISTORY!$C$6:$C$3005,HISTORY!$A$6:$A$3005,SETTINGS!$B$4-1,HISTORY!$B$6:$B$3005,$A17),"")) | K17: =IF($I17="","",IF(ISNUMBER($J17),$J17+MAX(-SETTINGS!$B$12,MIN(SETTINGS!$B$12,$I17-$J17)),$I17)) | O17: =IF($A17="","",IF(ISNUMBER($L17),$L17,IF($K17="","",$K17))) | P17: =IF($A17="","",IF(ISNUMBER($L17),"OVERRIDE","MODEL")) | Q17: =IF($A17="","",SETTINGS!$B$6) | S17: =IF($A17="","",IF(ISNUMBER($R17),$R17,$Q17)) | W17: =IF($A17="","",SUMIFS(CLEAN!$AD$6:$AD$1005,CLEAN!$P$6:$P$1005,$A17)+SUMIFS(CLEAN!$AE$6:$AE$1005,CLEAN!$N$6:$N$1005,$A17))
... A143: =IF('TEAM MAP'!$A143="","",'TEAM MAP'!$A143) | B143: =IF('TEAM MAP'!$A143="","",'TEAM MAP'!$B143) | C143: =IF('TEAM MAP'!$A143="","",'TEAM MAP'!$C143) | D143: =IF('TEAM MAP'!$A143="","",'TEAM MAP'!$E143) | E143: =IF($A143="","",IF(ISNA(MATCH($A143,PRESEASON!$A$6:$A$143,0)),"",IF(INDEX(PRESEASON!$Z$6:$Z$143,MATCH($A143,PRESEASON!$A$6:$A$143,0))="","",INDEX(PRESEASON!$Z$6:$Z$143,MATCH($A143,PRESEASON!$A$6:$A$143,0))))) | F143: =IF($A143="","",SUMIFS(CLEAN!$AB$6:$AB$1005,CLEAN!$P$6:$P$1005,$A143)+SUMIFS(CLEAN!$AC$6:$AC$1005,CLEAN!$N$6:$N$1005,$A143)) | G143: =IF(OR($A143="",$F143=""),"",IF(MIN($F143,9)>=9,SETTINGS!$C$46,INDEX(SETTINGS!$C$37:$C$46,INT(MIN($F143,9))+1)+(MIN($F143,9)-INT(MIN($F143,9)))*(INDEX(SETTINGS!$C$37:$C$46,INT(MIN($F143,9))+2)-INDEX(SETTINGS!$C$37:$C$46,INT(MIN($F143,9))+1)))) | H143: =IF($A143="","",IF(ISNA(MATCH($A143,CALC!$A$6:$A$143,0)),"",IF(INDEX(CALC!$H$6:$H$143,MATCH($A143,CALC!$A$6:$A$143,0))="","",INDEX(CALC!$H$6:$H$143,MATCH($A143,CALC!$A$6:$A$143,0))))) | I143: =IF($E143="","",IF(OR($H143="",$F143=0,$F143=""),$E143,$G143*$E143+(1-$G143)*$H143)) | J143: =IF(OR($A143="",SETTINGS!$B$4="",SETTINGS!$B$4<=1),"",IF(COUNTIFS(HISTORY!$A$6:$A$3005,SETTINGS!$B$4-1,HISTORY!$B$6:$B$3005,$A143)=1,SUMIFS(HISTORY!$C$6:$C$3005,HISTORY!$A$6:$A$3005,SETTINGS!$B$4-1,HISTORY!$B$6:$B$3005,$A143),"")) | K143: =IF($I143="","",IF(ISNUMBER($J143),$J143+MAX(-SETTINGS!$B$12,MIN(SETTINGS!$B$12,$I143-$J143)),$I143)) | O143: =IF($A143="","",IF(ISNUMBER($L143),$L143,IF($K143="","",$K143))) | P143: =IF($A143="","",IF(ISNUMBER($L143),"OVERRIDE","MODEL")) | Q143: =IF($A143="","",SETTINGS!$B$6) | S143: =IF($A143="","",IF(ISNUMBER($R143),$R143,$Q143)) | W143: =IF($A143="","",SUMIFS(CLEAN!$AD$6:$AD$1005,CLEAN!$P$6:$P$1005,$A143)+SUMIFS(CLEAN!$AE$6:$AE$1005,CLEAN!$N$6:$N$1005,$A143))

Sheet QB VALUES
A6: =IF('TEAM RATINGS'!$A6="","",'TEAM RATINGS'!$A6) | B6: =IF('TEAM RATINGS'!$A6="","",'TEAM RATINGS'!$B6) | G6: =IF(OR($D6="",$F6=""),"",$F6-$D6) | M6: =IF($A6="","",IF(OR($G6="",$H6="L",$J6<>SETTINGS!$B$3),"UNCERTAIN","OK"))
A7: =IF('TEAM RATINGS'!$A7="","",'TEAM RATINGS'!$A7) | B7: =IF('TEAM RATINGS'!$A7="","",'TEAM RATINGS'!$B7) | G7: =IF(OR($D7="",$F7=""),"",$F7-$D7) | M7: =IF($A7="","",IF(OR($G7="",$H7="L",$J7<>SETTINGS!$B$3),"UNCERTAIN","OK"))
A8: =IF('TEAM RATINGS'!$A8="","",'TEAM RATINGS'!$A8) | B8: =IF('TEAM RATINGS'!$A8="","",'TEAM RATINGS'!$B8) | G8: =IF(OR($D8="",$F8=""),"",$F8-$D8) | M8: =IF($A8="","",IF(OR($G8="",$H8="L",$J8<>SETTINGS!$B$3),"UNCERTAIN","OK"))
A9: =IF('TEAM RATINGS'!$A9="","",'TEAM RATINGS'!$A9) | B9: =IF('TEAM RATINGS'!$A9="","",'TEAM RATINGS'!$B9) | G9: =IF(OR($D9="",$F9=""),"",$F9-$D9) | M9: =IF($A9="","",IF(OR($G9="",$H9="L",$J9<>SETTINGS!$B$3),"UNCERTAIN","OK"))
A10: =IF('TEAM RATINGS'!$A10="","",'TEAM RATINGS'!$A10) | B10: =IF('TEAM RATINGS'!$A10="","",'TEAM RATINGS'!$B10) | G10: =IF(OR($D10="",$F10=""),"",$F10-$D10) | M10: =IF($A10="","",IF(OR($G10="",$H10="L",$J10<>SETTINGS!$B$3),"UNCERTAIN","OK"))
A11: =IF('TEAM RATINGS'!$A11="","",'TEAM RATINGS'!$A11) | B11: =IF('TEAM RATINGS'!$A11="","",'TEAM RATINGS'!$B11) | G11: =IF(OR($D11="",$F11=""),"",$F11-$D11) | M11: =IF($A11="","",IF(OR($G11="",$H11="L",$J11<>SETTINGS!$B$3),"UNCERTAIN","OK"))
A12: =IF('TEAM RATINGS'!$A12="","",'TEAM RATINGS'!$A12) | B12: =IF('TEAM RATINGS'!$A12="","",'TEAM RATINGS'!$B12) | G12: =IF(OR($D12="",$F12=""),"",$F12-$D12) | M12: =IF($A12="","",IF(OR($G12="",$H12="L",$J12<>SETTINGS!$B$3),"UNCERTAIN","OK"))
A13: =IF('TEAM RATINGS'!$A13="","",'TEAM RATINGS'!$A13) | B13: =IF('TEAM RATINGS'!$A13="","",'TEAM RATINGS'!$B13) | G13: =IF(OR($D13="",$F13=""),"",$F13-$D13) | M13: =IF($A13="","",IF(OR($G13="",$H13="L",$J13<>SETTINGS!$B$3),"UNCERTAIN","OK"))
A14: =IF('TEAM RATINGS'!$A14="","",'TEAM RATINGS'!$A14) | B14: =IF('TEAM RATINGS'!$A14="","",'TEAM RATINGS'!$B14) | G14: =IF(OR($D14="",$F14=""),"",$F14-$D14) | M14: =IF($A14="","",IF(OR($G14="",$H14="L",$J14<>SETTINGS!$B$3),"UNCERTAIN","OK"))
A15: =IF('TEAM RATINGS'!$A15="","",'TEAM RATINGS'!$A15) | B15: =IF('TEAM RATINGS'!$A15="","",'TEAM RATINGS'!$B15) | G15: =IF(OR($D15="",$F15=""),"",$F15-$D15) | M15: =IF($A15="","",IF(OR($G15="",$H15="L",$J15<>SETTINGS!$B$3),"UNCERTAIN","OK"))
A16: =IF('TEAM RATINGS'!$A16="","",'TEAM RATINGS'!$A16) | B16: =IF('TEAM RATINGS'!$A16="","",'TEAM RATINGS'!$B16) | G16: =IF(OR($D16="",$F16=""),"",$F16-$D16) | M16: =IF($A16="","",IF(OR($G16="",$H16="L",$J16<>SETTINGS!$B$3),"UNCERTAIN","OK"))
A17: =IF('TEAM RATINGS'!$A17="","",'TEAM RATINGS'!$A17) | B17: =IF('TEAM RATINGS'!$A17="","",'TEAM RATINGS'!$B17) | G17: =IF(OR($D17="",$F17=""),"",$F17-$D17) | M17: =IF($A17="","",IF(OR($G17="",$H17="L",$J17<>SETTINGS!$B$3),"UNCERTAIN","OK"))
... A63: =IF('TEAM RATINGS'!$A63="","",'TEAM RATINGS'!$A63) | B63: =IF('TEAM RATINGS'!$A63="","",'TEAM RATINGS'!$B63) | G63: =IF(OR($D63="",$F63=""),"",$F63-$D63) | M63: =IF($A63="","",IF(OR($G63="",$H63="L",$J63<>SETTINGS!$B$3),"UNCERTAIN","OK"))
A64: =IF('TEAM RATINGS'!$A64="","",'TEAM RATINGS'!$A64) | B64: =IF('TEAM RATINGS'!$A64="","",'TEAM RATINGS'!$B64) | C64: TEST ONLY — NOT REAL DATA: Test Baseline QB | D64: 0 | E64: TEST ONLY — NOT REAL DATA: Test Active QB | F64: 0 | G64: =IF(OR($D64="",$F64=""),"",$F64-$D64) | H64: M | I64: TEST ONLY — NOT REAL DATA | J64: 2026 | K64: 46266 | L64: TEST ONLY — NOT REAL DATA: temporarily resolved for Phase 6 QB-gate test | M64: =IF($A64="","",IF(OR($G64="",$H64="L",$J64<>SETTINGS!$B$3),"UNCERTAIN","OK"))
A65: =IF('TEAM RATINGS'!$A65="","",'TEAM RATINGS'!$A65) | B65: =IF('TEAM RATINGS'!$A65="","",'TEAM RATINGS'!$B65) | G65: =IF(OR($D65="",$F65=""),"",$F65-$D65) | M65: =IF($A65="","",IF(OR($G65="",$H65="L",$J65<>SETTINGS!$B$3),"UNCERTAIN","OK"))
A66: =IF('TEAM RATINGS'!$A66="","",'TEAM RATINGS'!$A66) | B66: =IF('TEAM RATINGS'!$A66="","",'TEAM RATINGS'!$B66) | G66: =IF(OR($D66="",$F66=""),"",$F66-$D66) | M66: =IF($A66="","",IF(OR($G66="",$H66="L",$J66<>SETTINGS!$B$3),"UNCERTAIN","OK"))
A67: =IF('TEAM RATINGS'!$A67="","",'TEAM RATINGS'!$A67) | B67: =IF('TEAM RATINGS'!$A67="","",'TEAM RATINGS'!$B67) | G67: =IF(OR($D67="",$F67=""),"",$F67-$D67) | M67: =IF($A67="","",IF(OR($G67="",$H67="L",$J67<>SETTINGS!$B$3),"UNCERTAIN","OK"))
A68: =IF('TEAM RATINGS'!$A68="","",'TEAM RATINGS'!$A68) | B68: =IF('TEAM RATINGS'!$A68="","",'TEAM RATINGS'!$B68) | G68: =IF(OR($D68="",$F68=""),"",$F68-$D68) | M68: =IF($A68="","",IF(OR($G68="",$H68="L",$J68<>SETTINGS!$B$3),"UNCERTAIN","OK"))
A69: =IF('TEAM RATINGS'!$A69="","",'TEAM RATINGS'!$A69) | B69: =IF('TEAM RATINGS'!$A69="","",'TEAM RATINGS'!$B69) | G69: =IF(OR($D69="",$F69=""),"",$F69-$D69) | M69: =IF($A69="","",IF(OR($G69="",$H69="L",$J69<>SETTINGS!$B$3),"UNCERTAIN","OK"))
A70: =IF('TEAM RATINGS'!$A70="","",'TEAM RATINGS'!$A70) | B70: =IF('TEAM RATINGS'!$A70="","",'TEAM RATINGS'!$B70) | C70: TEST ONLY — NOT REAL DATA: Test Baseline QB | D70: 0 | E70: TEST ONLY — NOT REAL DATA: Test Active QB | F70: 0 | G70: =IF(OR($D70="",$F70=""),"",$F70-$D70) | H70: M | I70: TEST ONLY — NOT REAL DATA | J70: 2026 | K70: 46266 | L70: TEST ONLY — NOT REAL DATA: temporarily resolved for Phase 6 QB-gate test | M70: =IF($A70="","",IF(OR($G70="",$H70="L",$J70<>SETTINGS!$B$3),"UNCERTAIN","OK"))
A71: =IF('TEAM RATINGS'!$A71="","",'TEAM RATINGS'!$A71) | B71: =IF('TEAM RATINGS'!$A71="","",'TEAM RATINGS'!$B71) | G71: =IF(OR($D71="",$F71=""),"",$F71-$D71) | M71: =IF($A71="","",IF(OR($G71="",$H71="L",$J71<>SETTINGS!$B$3),"UNCERTAIN","OK"))
A72: =IF('TEAM RATINGS'!$A72="","",'TEAM RATINGS'!$A72) | B72: =IF('TEAM RATINGS'!$A72="","",'TEAM RATINGS'!$B72) | G72: =IF(OR($D72="",$F72=""),"",$F72-$D72) | M72: =IF($A72="","",IF(OR($G72="",$H72="L",$J72<>SETTINGS!$B$3),"UNCERTAIN","OK"))
A73: =IF('TEAM RATINGS'!$A73="","",'TEAM RATINGS'!$A73) | B73: =IF('TEAM RATINGS'!$A73="","",'TEAM RATINGS'!$B73) | G73: =IF(OR($D73="",$F73=""),"",$F73-$D73) | M73: =IF($A73="","",IF(OR($G73="",$H73="L",$J73<>SETTINGS!$B$3),"UNCERTAIN","OK"))
A74: =IF('TEAM RATINGS'!$A74="","",'TEAM RATINGS'!$A74) | B74: =IF('TEAM RATINGS'!$A74="","",'TEAM RATINGS'!$B74) | G74: =IF(OR($D74="",$F74=""),"",$F74-$D74) | M74: =IF($A74="","",IF(OR($G74="",$H74="L",$J74<>SETTINGS!$B$3),"UNCERTAIN","OK"))
A75: =IF('TEAM RATINGS'!$A75="","",'TEAM RATINGS'!$A75) | B75: =IF('TEAM RATINGS'!$A75="","",'TEAM RATINGS'!$B75) | G75: =IF(OR($D75="",$F75=""),"",$F75-$D75) | M75: =IF($A75="","",IF(OR($G75="",$H75="L",$J75<>SETTINGS!$B$3),"UNCERTAIN","OK"))
A76: =IF('TEAM RATINGS'!$A76="","",'TEAM RATINGS'!$A76) | B76: =IF('TEAM RATINGS'!$A76="","",'TEAM RATINGS'!$B76) | G76: =IF(OR($D76="",$F76=""),"",$F76-$D76) | M76: =IF($A76="","",IF(OR($G76="",$H76="L",$J76<>SETTINGS!$B$3),"UNCERTAIN","OK"))
A77: =IF('TEAM RATINGS'!$A77="","",'TEAM RATINGS'!$A77) | B77: =IF('TEAM RATINGS'!$A77="","",'TEAM RATINGS'!$B77) | G77: =IF(OR($D77="",$F77=""),"",$F77-$D77) | M77: =IF($A77="","",IF(OR($G77="",$H77="L",$J77<>SETTINGS!$B$3),"UNCERTAIN","OK"))
A78: =IF('TEAM RATINGS'!$A78="","",'TEAM RATINGS'!$A78) | B78: =IF('TEAM RATINGS'!$A78="","",'TEAM RATINGS'!$B78) | G78: =IF(OR($D78="",$F78=""),"",$F78-$D78) | M78: =IF($A78="","",IF(OR($G78="",$H78="L",$J78<>SETTINGS!$B$3),"UNCERTAIN","OK"))
A79: =IF('TEAM RATINGS'!$A79="","",'TEAM RATINGS'!$A79) | B79: =IF('TEAM RATINGS'!$A79="","",'TEAM RATINGS'!$B79) | G79: =IF(OR($D79="",$F79=""),"",$F79-$D79) | M79: =IF($A79="","",IF(OR($G79="",$H79="L",$J79<>SETTINGS!$B$3),"UNCERTAIN","OK"))
A80: =IF('TEAM RATINGS'!$A80="","",'TEAM RATINGS'!$A80) | B80: =IF('TEAM RATINGS'!$A80="","",'TEAM RATINGS'!$B80) | G80: =IF(OR($D80="",$F80=""),"",$F80-$D80) | M80: =IF($A80="","",IF(OR($G80="",$H80="L",$J80<>SETTINGS!$B$3),"UNCERTAIN","OK"))
A81: =IF('TEAM RATINGS'!$A81="","",'TEAM RATINGS'!$A81) | B81: =IF('TEAM RATINGS'!$A81="","",'TEAM RATINGS'!$B81) | G81: =IF(OR($D81="",$F81=""),"",$F81-$D81) | M81: =IF($A81="","",IF(OR($G81="",$H81="L",$J81<>SETTINGS!$B$3),"UNCERTAIN","OK"))
A82: =IF('TEAM RATINGS'!$A82="","",'TEAM RATINGS'!$A82) | B82: =IF('TEAM RATINGS'!$A82="","",'TEAM RATINGS'!$B82) | G82: =IF(OR($D82="",$F82=""),"",$F82-$D82) | M82: =IF($A82="","",IF(OR($G82="",$H82="L",$J82<>SETTINGS!$B$3),"UNCERTAIN","OK"))
... A96: =IF('TEAM RATINGS'!$A96="","",'TEAM RATINGS'!$A96) | B96: =IF('TEAM RATINGS'!$A96="","",'TEAM RATINGS'!$B96) | G96: =IF(OR($D96="",$F96=""),"",$F96-$D96) | M96: =IF($A96="","",IF(OR($G96="",$H96="L",$J96<>SETTINGS!$B$3),"UNCERTAIN","OK"))
A97: =IF('TEAM RATINGS'!$A97="","",'TEAM RATINGS'!$A97) | B97: =IF('TEAM RATINGS'!$A97="","",'TEAM RATINGS'!$B97) | C97: TEST ONLY — NOT REAL DATA: Test Baseline QB | D97: 0 | E97: TEST ONLY — NOT REAL DATA: Test Active QB | F97: 0 | G97: =IF(OR($D97="",$F97=""),"",$F97-$D97) | H97: M | I97: TEST ONLY — NOT REAL DATA | J97: 2026 | K97: 46266 | L97: TEST ONLY — NOT REAL DATA: temporarily resolved for Phase 6 QB-gate test | M97: =IF($A97="","",IF(OR($G97="",$H97="L",$J97<>SETTINGS!$B$3),"UNCERTAIN","OK"))
A98: =IF('TEAM RATINGS'!$A98="","",'TEAM RATINGS'!$A98) | B98: =IF('TEAM RATINGS'!$A98="","",'TEAM RATINGS'!$B98) | G98: =IF(OR($D98="",$F98=""),"",$F98-$D98) | M98: =IF($A98="","",IF(OR($G98="",$H98="L",$J98<>SETTINGS!$B$3),"UNCERTAIN","OK"))
A99: =IF('TEAM RATINGS'!$A99="","",'TEAM RATINGS'!$A99) | B99: =IF('TEAM RATINGS'!$A99="","",'TEAM RATINGS'!$B99) | G99: =IF(OR($D99="",$F99=""),"",$F99-$D99) | M99: =IF($A99="","",IF(OR($G99="",$H99="L",$J99<>SETTINGS!$B$3),"UNCERTAIN","OK"))
A100: =IF('TEAM RATINGS'!$A100="","",'TEAM RATINGS'!$A100) | B100: =IF('TEAM RATINGS'!$A100="","",'TEAM RATINGS'!$B100) | G100: =IF(OR($D100="",$F100=""),"",$F100-$D100) | M100: =IF($A100="","",IF(OR($G100="",$H100="L",$J100<>SETTINGS!$B$3),"UNCERTAIN","OK"))
A101: =IF('TEAM RATINGS'!$A101="","",'TEAM RATINGS'!$A101) | B101: =IF('TEAM RATINGS'!$A101="","",'TEAM RATINGS'!$B101) | G101: =IF(OR($D101="",$F101=""),"",$F101-$D101) | M101: =IF($A101="","",IF(OR($G101="",$H101="L",$J101<>SETTINGS!$B$3),"UNCERTAIN","OK"))
A102: =IF('TEAM RATINGS'!$A102="","",'TEAM RATINGS'!$A102) | B102: =IF('TEAM RATINGS'!$A102="","",'TEAM RATINGS'!$B102) | G102: =IF(OR($D102="",$F102=""),"",$F102-$D102) | M102: =IF($A102="","",IF(OR($G102="",$H102="L",$J102<>SETTINGS!$B$3),"UNCERTAIN","OK"))
A103: =IF('TEAM RATINGS'!$A103="","",'TEAM RATINGS'!$A103) | B103: =IF('TEAM RATINGS'!$A103="","",'TEAM RATINGS'!$B103) | G103: =IF(OR($D103="",$F103=""),"",$F103-$D103) | M103: =IF($A103="","",IF(OR($G103="",$H103="L",$J103<>SETTINGS!$B$3),"UNCERTAIN","OK"))
A104: =IF('TEAM RATINGS'!$A104="","",'TEAM RATINGS'!$A104) | B104: =IF('TEAM RATINGS'!$A104="","",'TEAM RATINGS'!$B104) | G104: =IF(OR($D104="",$F104=""),"",$F104-$D104) | M104: =IF($A104="","",IF(OR($G104="",$H104="L",$J104<>SETTINGS!$B$3),"UNCERTAIN","OK"))
A105: =IF('TEAM RATINGS'!$A105="","",'TEAM RATINGS'!$A105) | B105: =IF('TEAM RATINGS'!$A105="","",'TEAM RATINGS'!$B105) | G105: =IF(OR($D105="",$F105=""),"",$F105-$D105) | M105: =IF($A105="","",IF(OR($G105="",$H105="L",$J105<>SETTINGS!$B$3),"UNCERTAIN","OK"))
A106: =IF('TEAM RATINGS'!$A106="","",'TEAM RATINGS'!$A106) | B106: =IF('TEAM RATINGS'!$A106="","",'TEAM RATINGS'!$B106) | G106: =IF(OR($D106="",$F106=""),"",$F106-$D106) | M106: =IF($A106="","",IF(OR($G106="",$H106="L",$J106<>SETTINGS!$B$3),"UNCERTAIN","OK"))
A107: =IF('TEAM RATINGS'!$A107="","",'TEAM RATINGS'!$A107) | B107: =IF('TEAM RATINGS'!$A107="","",'TEAM RATINGS'!$B107) | G107: =IF(OR($D107="",$F107=""),"",$F107-$D107) | M107: =IF($A107="","",IF(OR($G107="",$H107="L",$J107<>SETTINGS!$B$3),"UNCERTAIN","OK"))
A108: =IF('TEAM RATINGS'!$A108="","",'TEAM RATINGS'!$A108) | B108: =IF('TEAM RATINGS'!$A108="","",'TEAM RATINGS'!$B108) | G108: =IF(OR($D108="",$F108=""),"",$F108-$D108) | M108: =IF($A108="","",IF(OR($G108="",$H108="L",$J108<>SETTINGS!$B$3),"UNCERTAIN","OK"))
A109: =IF('TEAM RATINGS'!$A109="","",'TEAM RATINGS'!$A109) | B109: =IF('TEAM RATINGS'!$A109="","",'TEAM RATINGS'!$B109) | G109: =IF(OR($D109="",$F109=""),"",$F109-$D109) | M109: =IF($A109="","",IF(OR($G109="",$H109="L",$J109<>SETTINGS!$B$3),"UNCERTAIN","OK"))
... A121: =IF('TEAM RATINGS'!$A121="","",'TEAM RATINGS'!$A121) | B121: =IF('TEAM RATINGS'!$A121="","",'TEAM RATINGS'!$B121) | G121: =IF(OR($D121="",$F121=""),"",$F121-$D121) | M121: =IF($A121="","",IF(OR($G121="",$H121="L",$J121<>SETTINGS!$B$3),"UNCERTAIN","OK"))
A122: =IF('TEAM RATINGS'!$A122="","",'TEAM RATINGS'!$A122) | B122: =IF('TEAM RATINGS'!$A122="","",'TEAM RATINGS'!$B122) | C122: TEST ONLY — NOT REAL DATA: Test Baseline QB | D122: 0 | E122: TEST ONLY — NOT REAL DATA: Test Active QB | F122: 0 | G122: =IF(OR($D122="",$F122=""),"",$F122-$D122) | H122: M | I122: TEST ONLY — NOT REAL DATA | J122: 2026 | K122: 46266 | L122: TEST ONLY — NOT REAL DATA: temporarily resolved for Phase 6 QB-gate test | M122: =IF($A122="","",IF(OR($G122="",$H122="L",$J122<>SETTINGS!$B$3),"UNCERTAIN","OK"))
A123: =IF('TEAM RATINGS'!$A123="","",'TEAM RATINGS'!$A123) | B123: =IF('TEAM RATINGS'!$A123="","",'TEAM RATINGS'!$B123) | G123: =IF(OR($D123="",$F123=""),"",$F123-$D123) | M123: =IF($A123="","",IF(OR($G123="",$H123="L",$J123<>SETTINGS!$B$3),"UNCERTAIN","OK"))
A124: =IF('TEAM RATINGS'!$A124="","",'TEAM RATINGS'!$A124) | B124: =IF('TEAM RATINGS'!$A124="","",'TEAM RATINGS'!$B124) | G124: =IF(OR($D124="",$F124=""),"",$F124-$D124) | M124: =IF($A124="","",IF(OR($G124="",$H124="L",$J124<>SETTINGS!$B$3),"UNCERTAIN","OK"))
A125: =IF('TEAM RATINGS'!$A125="","",'TEAM RATINGS'!$A125) | B125: =IF('TEAM RATINGS'!$A125="","",'TEAM RATINGS'!$B125) | G125: =IF(OR($D125="",$F125=""),"",$F125-$D125) | M125: =IF($A125="","",IF(OR($G125="",$H125="L",$J125<>SETTINGS!$B$3),"UNCERTAIN","OK"))
A126: =IF('TEAM RATINGS'!$A126="","",'TEAM RATINGS'!$A126) | B126: =IF('TEAM RATINGS'!$A126="","",'TEAM RATINGS'!$B126) | G126: =IF(OR($D126="",$F126=""),"",$F126-$D126) | M126: =IF($A126="","",IF(OR($G126="",$H126="L",$J126<>SETTINGS!$B$3),"UNCERTAIN","OK"))
A127: =IF('TEAM RATINGS'!$A127="","",'TEAM RATINGS'!$A127) | B127: =IF('TEAM RATINGS'!$A127="","",'TEAM RATINGS'!$B127) | G127: =IF(OR($D127="",$F127=""),"",$F127-$D127) | M127: =IF($A127="","",IF(OR($G127="",$H127="L",$J127<>SETTINGS!$B$3),"UNCERTAIN","OK"))
A128: =IF('TEAM RATINGS'!$A128="","",'TEAM RATINGS'!$A128) | B128: =IF('TEAM RATINGS'!$A128="","",'TEAM RATINGS'!$B128) | G128: =IF(OR($D128="",$F128=""),"",$F128-$D128) | M128: =IF($A128="","",IF(OR($G128="",$H128="L",$J128<>SETTINGS!$B$3),"UNCERTAIN","OK"))
A129: =IF('TEAM RATINGS'!$A129="","",'TEAM RATINGS'!$A129) | B129: =IF('TEAM RATINGS'!$A129="","",'TEAM RATINGS'!$B129) | G129: =IF(OR($D129="",$F129=""),"",$F129-$D129) | M129: =IF($A129="","",IF(OR($G129="",$H129="L",$J129<>SETTINGS!$B$3),"UNCERTAIN","OK"))
A130: =IF('TEAM RATINGS'!$A130="","",'TEAM RATINGS'!$A130) | B130: =IF('TEAM RATINGS'!$A130="","",'TEAM RATINGS'!$B130) | G130: =IF(OR($D130="",$F130=""),"",$F130-$D130) | M130: =IF($A130="","",IF(OR($G130="",$H130="L",$J130<>SETTINGS!$B$3),"UNCERTAIN","OK"))
A131: =IF('TEAM RATINGS'!$A131="","",'TEAM RATINGS'!$A131) | B131: =IF('TEAM RATINGS'!$A131="","",'TEAM RATINGS'!$B131) | G131: =IF(OR($D131="",$F131=""),"",$F131-$D131) | M131: =IF($A131="","",IF(OR($G131="",$H131="L",$J131<>SETTINGS!$B$3),"UNCERTAIN","OK"))
A132: =IF('TEAM RATINGS'!$A132="","",'TEAM RATINGS'!$A132) | B132: =IF('TEAM RATINGS'!$A132="","",'TEAM RATINGS'!$B132) | G132: =IF(OR($D132="",$F132=""),"",$F132-$D132) | M132: =IF($A132="","",IF(OR($G132="",$H132="L",$J132<>SETTINGS!$B$3),"UNCERTAIN","OK"))
A133: =IF('TEAM RATINGS'!$A133="","",'TEAM RATINGS'!$A133) | B133: =IF('TEAM RATINGS'!$A133="","",'TEAM RATINGS'!$B133) | G133: =IF(OR($D133="",$F133=""),"",$F133-$D133) | M133: =IF($A133="","",IF(OR($G133="",$H133="L",$J133<>SETTINGS!$B$3),"UNCERTAIN","OK"))
A134: =IF('TEAM RATINGS'!$A134="","",'TEAM RATINGS'!$A134) | B134: =IF('TEAM RATINGS'!$A134="","",'TEAM RATINGS'!$B134) | G134: =IF(OR($D134="",$F134=""),"",$F134-$D134) | M134: =IF($A134="","",IF(OR($G134="",$H134="L",$J134<>SETTINGS!$B$3),"UNCERTAIN","OK"))
... A143: =IF('TEAM RATINGS'!$A143="","",'TEAM RATINGS'!$A143) | B143: =IF('TEAM RATINGS'!$A143="","",'TEAM RATINGS'!$B143) | G143: =IF(OR($D143="",$F143=""),"",$F143-$D143) | M143: =IF($A143="","",IF(OR($G143="",$H143="L",$J143<>SETTINGS!$B$3),"UNCERTAIN","OK"))

Sheet IMPORT SCHEDULE
A6: 401856766 | B6: 2026 | C6: 0 | D6: 46263 | E6: TRUE | F6: North Carolina Tar Heels | G6: Atlantic Coast Conference | H6: TCU Horned Frogs | I6: Big 12 Conference | L6: FALSE | M6: Aviva Stadium | N6: ESPN event note: Aer Lingus College Football Classic | ESPN source: season_type=2 (regular-season), week=1. Normalized to project Week 0 (opening slate before the 2026-09-03 Week 1 kickoff).
A8: 401858202 | B8: 2026 | C8: 0 | D8: 46263 | E8: FALSE | F8: NC State Wolfpack | G8: Atlantic Coast Conference | H8: Virginia Cavaliers | I8: Atlantic Coast Conference | L8: FALSE | M8: Scott Stadium | N8: ESPN source: season_type=2 (regular-season), week=1. Normalized to project Week 0 (opening slate before the 2026-09-03 Week 1 kickoff).
A9: 401864494 | B9: 2026 | C9: 0 | D9: 46263 | E9: FALSE | F9: San José State Spartans | G9: Mountain West Conference | H9: USC Trojans | I9: Big Ten Conference | L9: FALSE | M9: Los Angeles Memorial Coliseum | N9: ESPN source: season_type=2 (regular-season), week=1. Normalized to project Week 0 (opening slate before the 2026-09-03 Week 1 kickoff).
A10: 401864570 | B10: 2026 | C10: 0 | D10: 46263 | E10: FALSE | F10: New Mexico State Aggies | G10: Conference USA | H10: Florida State Seminoles | I10: Atlantic Coast Conference | L10: FALSE | M10: Doak Campbell Stadium | N10: ESPN source: season_type=2 (regular-season), week=1. Normalized to project Week 0 (opening slate before the 2026-09-03 Week 1 kickoff).
A11: 401864577 | B11: 2026 | C11: 0 | D11: 46263 | E11: FALSE | F11: Jacksonville State Gamecocks | G11: Conference USA | H11: North Dakota State Bison | I11: Mountain West Conference | L11: FALSE | M11: Fargodome | N11: North Dakota State: ESPN structured conferenceId already matches approved 2026 assignment (Mountain West Conference). | ESPN source: season_type=2 (regular-season), week=1. Normalized to project Week 0 (opening slate before the 2026-09-03 Week 1 kickoff).
A14: 401856767 | B14: 2026 | C14: 1 | D14: 46268 | E14: FALSE | F14: Bethune-Cookman Wildcats | G14: Southwestern Athletic Conference | H14: UCF Knights | I14: Big 12 Conference | L14: FALSE | M14: Acrisure Bounce House
A15: 401858204 | B15: 2026 | C15: 1 | D15: 46268 | E15: FALSE | F15: Akron Zips | G15: Mid-American Conference | H15: Wake Forest Demon Deacons | I15: Atlantic Coast Conference | L15: FALSE | M15: Allegacy Federal Credit Union Stadium

Sheet CLEAN
A6: =IF('IMPORT SCHEDULE'!A6="","",'IMPORT SCHEDULE'!A6) | B6: =IF($A6="","",'IMPORT SCHEDULE'!B6) | C6: =IF($A6="","",'IMPORT SCHEDULE'!C6) | D6: =IF($A6="","",'IMPORT SCHEDULE'!D6) | E6: =IF($A6="","",IF(OR('IMPORT SCHEDULE'!E6=TRUE(),'IMPORT SCHEDULE'!E6="TRUE",'IMPORT SCHEDULE'!E6="true",'IMPORT SCHEDULE'!E6=1),1,0)) | F6: =IF($A6="","",'IMPORT SCHEDULE'!F6) | G6: =IF($A6="","",'IMPORT SCHEDULE'!G6) | H6: =IF($A6="","",'IMPORT SCHEDULE'!H6) | I6: =IF($A6="","",'IMPORT SCHEDULE'!I6) | J6: =IF($A6="","",IF('IMPORT SCHEDULE'!J6="","",'IMPORT SCHEDULE'!J6)) | K6: =IF($A6="","",IF('IMPORT SCHEDULE'!K6="","",'IMPORT SCHEDULE'!K6)) | L6: =IF($A6="","",IF(OR('IMPORT SCHEDULE'!L6=TRUE(),'IMPORT SCHEDULE'!L6="TRUE",'IMPORT SCHEDULE'!L6="true",'IMPORT SCHEDULE'!L6=1,AND(ISNUMBER($J6),ISNUMBER($K6))),1,0)) | M6: =IF($A6="","",COUNTIF($A$6:$A$1005,$A6)) | N6: =IF($F6="","",IF(ISNA(MATCH($F6,'TEAM MAP'!$K$6:$K$605,0)),"",INDEX('TEAM MAP'!$L$6:$L$605,MATCH($F6,'TEAM MAP'!$K$6:$K$605,0)))) | O6: =IF($F6="","",IF($N6<>"","FBS",IF(ISNA(MATCH($G6,'TEAM MAP'!$N$6:$N$40,0)),"FCS","BLOCK"))) | P6: =IF($H6="","",IF(ISNA(MATCH($H6,'TEAM MAP'!$K$6:$K$605,0)),"",INDEX('TEAM MAP'!$L$6:$L$605,MATCH($H6,'TEAM MAP'!$K$6:$K$605,0)))) | Q6: =IF($H6="","",IF($P6<>"","FBS",IF(ISNA(MATCH($I6,'TEAM MAP'!$N$6:$N$40,0)),"FCS","BLOCK"))) | R6: =IF($A6="","",IF($O6="FBS",IF(ISNA(MATCH($N6,PRESEASON!$A$6:$A$143,0)),"",IF(INDEX(PRESEASON!$Z$6:$Z$143,MATCH($N6,PRESEASON!$A$6:$A$143,0))="","",INDEX(PRESEASON!$Z$6:$Z$143,MATCH($N6,PRESEASON!$A$6:$A$143,0)))),IF($O6="FCS",IF(COUNTIF('FCS TIERS'!$J$6:$J$105,$F6)>0,IF(INDEX('FCS TIERS'!$K$6:$K$105,MATCH($F6,'FCS TIERS'!$J$6:$J$105,0))="","",INDEX('FCS TIERS'!$K$6:$K$105,MATCH($F6,'FCS TIERS'!$J$6:$J$105,0))),IF(COUNTIF('FCS TIERS'!$F$6:$F$205,$F6)>0,IF(ISNA(MATCH(INDEX('FCS TIERS'!$G$6:$G$205,MATCH($F6,'FCS TIERS'!$F$6:$F$205,0)),'FCS TIERS'!$A$6:$A$10,0)),"",IF(INDEX('FCS TIERS'!$B$6:$B$10,MATCH(INDEX('FCS TIERS'!$G$6:$G$205,MATCH($F6,'FCS TIERS'!$F$6:$F$205,0)),'FCS TIERS'!$A$6:$A$10,0))="","",INDEX('FCS TIERS'!$B$6:$B$10,MATCH(INDEX('FCS TIERS'!$G$6:$G$205,MATCH($F6,'FCS TIERS'!$F$6:$F$205,0)),'FCS TIERS'!$A$6:$A$10,0)))),"")),""))) | S6: =IF($A6="","",IF($Q6="FBS",IF(ISNA(MATCH($P6,PRESEASON!$A$6:$A$143,0)),"",IF(INDEX(PRESEASON!$Z$6:$Z$143,MATCH($P6,PRESEASON!$A$6:$A$143,0))="","",INDEX(PRESEASON!$Z$6:$Z$143,MATCH($P6,PRESEASON!$A$6:$A$143,0)))),IF($Q6="FCS",IF(COUNTIF('FCS TIERS'!$J$6:$J$105,$H6)>0,IF(INDEX('FCS TIERS'!$K$6:$K$105,MATCH($H6,'FCS TIERS'!$J$6:$J$105,0))="","",INDEX('FCS TIERS'!$K$6:$K$105,MATCH($H6,'FCS TIERS'!$J$6:$J$105,0))),IF(COUNTIF('FCS TIERS'!$F$6:$F$205,$H6)>0,IF(ISNA(MATCH(INDEX('FCS TIERS'!$G$6:$G$205,MATCH($H6,'FCS TIERS'!$F$6:$F$205,0)),'FCS TIERS'!$A$6:$A$10,0)),"",IF(INDEX('FCS TIERS'!$B$6:$B$10,MATCH(INDEX('FCS TIERS'!$G$6:$G$205,MATCH($H6,'FCS TIERS'!$F$6:$F$205,0)),'FCS TIERS'!$A$6:$A$10,0))="","",INDEX('FCS TIERS'!$B$6:$B$10,MATCH(INDEX('FCS TIERS'!$G$6:$G$205,MATCH($H6,'FCS TIERS'!$F$6:$F$205,0)),'FCS TIERS'!$A$6:$A$10,0)))),"")),""))) | T6: =IF(OR($A6="",$L6<>1,NOT(ISNUMBER($J6)),NOT(ISNUMBER($K6))),"",$K6-$J6) | U6: =IF(OR($T6="",NOT(ISNUMBER($R6))),"",MAX(-SETTINGS!$B$14,MIN(SETTINGS!$B$14,$T6-IF($E6=1,0,SETTINGS!$B$6)))-$R6) | V6: =IF(OR($T6="",NOT(ISNUMBER($S6))),"",MAX(-SETTINGS!$B$14,MIN(SETTINGS!$B$14,-$T6+IF($E6=1,0,SETTINGS!$B$6)))-$S6) | W6: =IF($A6="","",IF(OR(SETTINGS!$B$4="",NOT(ISNUMBER($C6))),1,SETTINGS!$B$20^MAX(0,SETTINGS!$B$4-$C6))) | X6: =IF(OR($A6="",NOT(ISNUMBER($U6))),0,$U6*$W6) | Y6: =IF(OR($A6="",NOT(ISNUMBER($U6))),0,$W6) | Z6: =IF(OR($A6="",NOT(ISNUMBER($V6))),0,$V6*$W6) | AA6: =IF(OR($A6="",NOT(ISNUMBER($V6))),0,$W6) | AB6: =IF($A6="",0,$L6*IF($O6="FBS",1,0)) | AC6: =IF($A6="",0,$L6*IF($Q6="FBS",1,0)) | AD6: =IF($A6="",0,$L6*IF($O6="FBS",1,0)) | AE6: =IF($A6="",0,$L6*IF($Q6="FBS",1,0)) | AF6: =IF($A6="","",IF($N6<>"",$N6,$F6)) | AG6: =IF($A6="","",IF($P6<>"",$P6,$H6))
A8: =IF('IMPORT SCHEDULE'!A8="","",'IMPORT SCHEDULE'!A8) | B8: =IF($A8="","",'IMPORT SCHEDULE'!B8) | C8: =IF($A8="","",'IMPORT SCHEDULE'!C8) | D8: =IF($A8="","",'IMPORT SCHEDULE'!D8) | E8: =IF($A8="","",IF(OR('IMPORT SCHEDULE'!E8=TRUE(),'IMPORT SCHEDULE'!E8="TRUE",'IMPORT SCHEDULE'!E8="true",'IMPORT SCHEDULE'!E8=1),1,0)) | F8: =IF($A8="","",'IMPORT SCHEDULE'!F8) | G8: =IF($A8="","",'IMPORT SCHEDULE'!G8) | H8: =IF($A8="","",'IMPORT SCHEDULE'!H8) | I8: =IF($A8="","",'IMPORT SCHEDULE'!I8) | J8: =IF($A8="","",IF('IMPORT SCHEDULE'!J8="","",'IMPORT SCHEDULE'!J8)) | K8: =IF($A8="","",IF('IMPORT SCHEDULE'!K8="","",'IMPORT SCHEDULE'!K8)) | L8: =IF($A8="","",IF(OR('IMPORT SCHEDULE'!L8=TRUE(),'IMPORT SCHEDULE'!L8="TRUE",'IMPORT SCHEDULE'!L8="true",'IMPORT SCHEDULE'!L8=1,AND(ISNUMBER($J8),ISNUMBER($K8))),1,0)) | M8: =IF($A8="","",COUNTIF($A$6:$A$1005,$A8)) | N8: =IF($F8="","",IF(ISNA(MATCH($F8,'TEAM MAP'!$K$6:$K$605,0)),"",INDEX('TEAM MAP'!$L$6:$L$605,MATCH($F8,'TEAM MAP'!$K$6:$K$605,0)))) | O8: =IF($F8="","",IF($N8<>"","FBS",IF(ISNA(MATCH($G8,'TEAM MAP'!$N$6:$N$40,0)),"FCS","BLOCK"))) | P8: =IF($H8="","",IF(ISNA(MATCH($H8,'TEAM MAP'!$K$6:$K$605,0)),"",INDEX('TEAM MAP'!$L$6:$L$605,MATCH($H8,'TEAM MAP'!$K$6:$K$605,0)))) | Q8: =IF($H8="","",IF($P8<>"","FBS",IF(ISNA(MATCH($I8,'TEAM MAP'!$N$6:$N$40,0)),"FCS","BLOCK"))) | R8: =IF($A8="","",IF($O8="FBS",IF(ISNA(MATCH($N8,PRESEASON!$A$6:$A$143,0)),"",IF(INDEX(PRESEASON!$Z$6:$Z$143,MATCH($N8,PRESEASON!$A$6:$A$143,0))="","",INDEX(PRESEASON!$Z$6:$Z$143,MATCH($N8,PRESEASON!$A$6:$A$143,0)))),IF($O8="FCS",IF(COUNTIF('FCS TIERS'!$J$6:$J$105,$F8)>0,IF(INDEX('FCS TIERS'!$K$6:$K$105,MATCH($F8,'FCS TIERS'!$J$6:$J$105,0))="","",INDEX('FCS TIERS'!$K$6:$K$105,MATCH($F8,'FCS TIERS'!$J$6:$J$105,0))),IF(COUNTIF('FCS TIERS'!$F$6:$F$205,$F8)>0,IF(ISNA(MATCH(INDEX('FCS TIERS'!$G$6:$G$205,MATCH($F8,'FCS TIERS'!$F$6:$F$205,0)),'FCS TIERS'!$A$6:$A$10,0)),"",IF(INDEX('FCS TIERS'!$B$6:$B$10,MATCH(INDEX('FCS TIERS'!$G$6:$G$205,MATCH($F8,'FCS TIERS'!$F$6:$F$205,0)),'FCS TIERS'!$A$6:$A$10,0))="","",INDEX('FCS TIERS'!$B$6:$B$10,MATCH(INDEX('FCS TIERS'!$G$6:$G$205,MATCH($F8,'FCS TIERS'!$F$6:$F$205,0)),'FCS TIERS'!$A$6:$A$10,0)))),"")),""))) | S8: =IF($A8="","",IF($Q8="FBS",IF(ISNA(MATCH($P8,PRESEASON!$A$6:$A$143,0)),"",IF(INDEX(PRESEASON!$Z$6:$Z$143,MATCH($P8,PRESEASON!$A$6:$A$143,0))="","",INDEX(PRESEASON!$Z$6:$Z$143,MATCH($P8,PRESEASON!$A$6:$A$143,0)))),IF($Q8="FCS",IF(COUNTIF('FCS TIERS'!$J$6:$J$105,$H8)>0,IF(INDEX('FCS TIERS'!$K$6:$K$105,MATCH($H8,'FCS TIERS'!$J$6:$J$105,0))="","",INDEX('FCS TIERS'!$K$6:$K$105,MATCH($H8,'FCS TIERS'!$J$6:$J$105,0))),IF(COUNTIF('FCS TIERS'!$F$6:$F$205,$H8)>0,IF(ISNA(MATCH(INDEX('FCS TIERS'!$G$6:$G$205,MATCH($H8,'FCS TIERS'!$F$6:$F$205,0)),'FCS TIERS'!$A$6:$A$10,0)),"",IF(INDEX('FCS TIERS'!$B$6:$B$10,MATCH(INDEX('FCS TIERS'!$G$6:$G$205,MATCH($H8,'FCS TIERS'!$F$6:$F$205,0)),'FCS TIERS'!$A$6:$A$10,0))="","",INDEX('FCS TIERS'!$B$6:$B$10,MATCH(INDEX('FCS TIERS'!$G$6:$G$205,MATCH($H8,'FCS TIERS'!$F$6:$F$205,0)),'FCS TIERS'!$A$6:$A$10,0)))),"")),""))) | T8: =IF(OR($A8="",$L8<>1,NOT(ISNUMBER($J8)),NOT(ISNUMBER($K8))),"",$K8-$J8) | U8: =IF(OR($T8="",NOT(ISNUMBER($R8))),"",MAX(-SETTINGS!$B$14,MIN(SETTINGS!$B$14,$T8-IF($E8=1,0,SETTINGS!$B$6)))-$R8) | V8: =IF(OR($T8="",NOT(ISNUMBER($S8))),"",MAX(-SETTINGS!$B$14,MIN(SETTINGS!$B$14,-$T8+IF($E8=1,0,SETTINGS!$B$6)))-$S8) | W8: =IF($A8="","",IF(OR(SETTINGS!$B$4="",NOT(ISNUMBER($C8))),1,SETTINGS!$B$20^MAX(0,SETTINGS!$B$4-$C8))) | X8: =IF(OR($A8="",NOT(ISNUMBER($U8))),0,$U8*$W8) | Y8: =IF(OR($A8="",NOT(ISNUMBER($U8))),0,$W8) | Z8: =IF(OR($A8="",NOT(ISNUMBER($V8))),0,$V8*$W8) | AA8: =IF(OR($A8="",NOT(ISNUMBER($V8))),0,$W8) | AB8: =IF($A8="",0,$L8*IF($O8="FBS",1,0)) | AC8: =IF($A8="",0,$L8*IF($Q8="FBS",1,0)) | AD8: =IF($A8="",0,$L8*IF($O8="FBS",1,0)) | AE8: =IF($A8="",0,$L8*IF($Q8="FBS",1,0)) | AF8: =IF($A8="","",IF($N8<>"",$N8,$F8)) | AG8: =IF($A8="","",IF($P8<>"",$P8,$H8))
A9: =IF('IMPORT SCHEDULE'!A9="","",'IMPORT SCHEDULE'!A9) | B9: =IF($A9="","",'IMPORT SCHEDULE'!B9) | C9: =IF($A9="","",'IMPORT SCHEDULE'!C9) | D9: =IF($A9="","",'IMPORT SCHEDULE'!D9) | E9: =IF($A9="","",IF(OR('IMPORT SCHEDULE'!E9=TRUE(),'IMPORT SCHEDULE'!E9="TRUE",'IMPORT SCHEDULE'!E9="true",'IMPORT SCHEDULE'!E9=1),1,0)) | F9: =IF($A9="","",'IMPORT SCHEDULE'!F9) | G9: =IF($A9="","",'IMPORT SCHEDULE'!G9) | H9: =IF($A9="","",'IMPORT SCHEDULE'!H9) | I9: =IF($A9="","",'IMPORT SCHEDULE'!I9) | J9: =IF($A9="","",IF('IMPORT SCHEDULE'!J9="","",'IMPORT SCHEDULE'!J9)) | K9: =IF($A9="","",IF('IMPORT SCHEDULE'!K9="","",'IMPORT SCHEDULE'!K9)) | L9: =IF($A9="","",IF(OR('IMPORT SCHEDULE'!L9=TRUE(),'IMPORT SCHEDULE'!L9="TRUE",'IMPORT SCHEDULE'!L9="true",'IMPORT SCHEDULE'!L9=1,AND(ISNUMBER($J9),ISNUMBER($K9))),1,0)) | M9: =IF($A9="","",COUNTIF($A$6:$A$1005,$A9)) | N9: =IF($F9="","",IF(ISNA(MATCH($F9,'TEAM MAP'!$K$6:$K$605,0)),"",INDEX('TEAM MAP'!$L$6:$L$605,MATCH($F9,'TEAM MAP'!$K$6:$K$605,0)))) | O9: =IF($F9="","",IF($N9<>"","FBS",IF(ISNA(MATCH($G9,'TEAM MAP'!$N$6:$N$40,0)),"FCS","BLOCK"))) | P9: =IF($H9="","",IF(ISNA(MATCH($H9,'TEAM MAP'!$K$6:$K$605,0)),"",INDEX('TEAM MAP'!$L$6:$L$605,MATCH($H9,'TEAM MAP'!$K$6:$K$605,0)))) | Q9: =IF($H9="","",IF($P9<>"","FBS",IF(ISNA(MATCH($I9,'TEAM MAP'!$N$6:$N$40,0)),"FCS","BLOCK"))) | R9: =IF($A9="","",IF($O9="FBS",IF(ISNA(MATCH($N9,PRESEASON!$A$6:$A$143,0)),"",IF(INDEX(PRESEASON!$Z$6:$Z$143,MATCH($N9,PRESEASON!$A$6:$A$143,0))="","",INDEX(PRESEASON!$Z$6:$Z$143,MATCH($N9,PRESEASON!$A$6:$A$143,0)))),IF($O9="FCS",IF(COUNTIF('FCS TIERS'!$J$6:$J$105,$F9)>0,IF(INDEX('FCS TIERS'!$K$6:$K$105,MATCH($F9,'FCS TIERS'!$J$6:$J$105,0))="","",INDEX('FCS TIERS'!$K$6:$K$105,MATCH($F9,'FCS TIERS'!$J$6:$J$105,0))),IF(COUNTIF('FCS TIERS'!$F$6:$F$205,$F9)>0,IF(ISNA(MATCH(INDEX('FCS TIERS'!$G$6:$G$205,MATCH($F9,'FCS TIERS'!$F$6:$F$205,0)),'FCS TIERS'!$A$6:$A$10,0)),"",IF(INDEX('FCS TIERS'!$B$6:$B$10,MATCH(INDEX('FCS TIERS'!$G$6:$G$205,MATCH($F9,'FCS TIERS'!$F$6:$F$205,0)),'FCS TIERS'!$A$6:$A$10,0))="","",INDEX('FCS TIERS'!$B$6:$B$10,MATCH(INDEX('FCS TIERS'!$G$6:$G$205,MATCH($F9,'FCS TIERS'!$F$6:$F$205,0)),'FCS TIERS'!$A$6:$A$10,0)))),"")),""))) | S9: =IF($A9="","",IF($Q9="FBS",IF(ISNA(MATCH($P9,PRESEASON!$A$6:$A$143,0)),"",IF(INDEX(PRESEASON!$Z$6:$Z$143,MATCH($P9,PRESEASON!$A$6:$A$143,0))="","",INDEX(PRESEASON!$Z$6:$Z$143,MATCH($P9,PRESEASON!$A$6:$A$143,0)))),IF($Q9="FCS",IF(COUNTIF('FCS TIERS'!$J$6:$J$105,$H9)>0,IF(INDEX('FCS TIERS'!$K$6:$K$105,MATCH($H9,'FCS TIERS'!$J$6:$J$105,0))="","",INDEX('FCS TIERS'!$K$6:$K$105,MATCH($H9,'FCS TIERS'!$J$6:$J$105,0))),IF(COUNTIF('FCS TIERS'!$F$6:$F$205,$H9)>0,IF(ISNA(MATCH(INDEX('FCS TIERS'!$G$6:$G$205,MATCH($H9,'FCS TIERS'!$F$6:$F$205,0)),'FCS TIERS'!$A$6:$A$10,0)),"",IF(INDEX('FCS TIERS'!$B$6:$B$10,MATCH(INDEX('FCS TIERS'!$G$6:$G$205,MATCH($H9,'FCS TIERS'!$F$6:$F$205,0)),'FCS TIERS'!$A$6:$A$10,0))="","",INDEX('FCS TIERS'!$B$6:$B$10,MATCH(INDEX('FCS TIERS'!$G$6:$G$205,MATCH($H9,'FCS TIERS'!$F$6:$F$205,0)),'FCS TIERS'!$A$6:$A$10,0)))),"")),""))) | T9: =IF(OR($A9="",$L9<>1,NOT(ISNUMBER($J9)),NOT(ISNUMBER($K9))),"",$K9-$J9) | U9: =IF(OR($T9="",NOT(ISNUMBER($R9))),"",MAX(-SETTINGS!$B$14,MIN(SETTINGS!$B$14,$T9-IF($E9=1,0,SETTINGS!$B$6)))-$R9) | V9: =IF(OR($T9="",NOT(ISNUMBER($S9))),"",MAX(-SETTINGS!$B$14,MIN(SETTINGS!$B$14,-$T9+IF($E9=1,0,SETTINGS!$B$6)))-$S9) | W9: =IF($A9="","",IF(OR(SETTINGS!$B$4="",NOT(ISNUMBER($C9))),1,SETTINGS!$B$20^MAX(0,SETTINGS!$B$4-$C9))) | X9: =IF(OR($A9="",NOT(ISNUMBER($U9))),0,$U9*$W9) | Y9: =IF(OR($A9="",NOT(ISNUMBER($U9))),0,$W9) | Z9: =IF(OR($A9="",NOT(ISNUMBER($V9))),0,$V9*$W9) | AA9: =IF(OR($A9="",NOT(ISNUMBER($V9))),0,$W9) | AB9: =IF($A9="",0,$L9*IF($O9="FBS",1,0)) | AC9: =IF($A9="",0,$L9*IF($Q9="FBS",1,0)) | AD9: =IF($A9="",0,$L9*IF($O9="FBS",1,0)) | AE9: =IF($A9="",0,$L9*IF($Q9="FBS",1,0)) | AF9: =IF($A9="","",IF($N9<>"",$N9,$F9)) | AG9: =IF($A9="","",IF($P9<>"",$P9,$H9))
A10: =IF('IMPORT SCHEDULE'!A10="","",'IMPORT SCHEDULE'!A10) | B10: =IF($A10="","",'IMPORT SCHEDULE'!B10) | C10: =IF($A10="","",'IMPORT SCHEDULE'!C10) | D10: =IF($A10="","",'IMPORT SCHEDULE'!D10) | E10: =IF($A10="","",IF(OR('IMPORT SCHEDULE'!E10=TRUE(),'IMPORT SCHEDULE'!E10="TRUE",'IMPORT SCHEDULE'!E10="true",'IMPORT SCHEDULE'!E10=1),1,0)) | F10: =IF($A10="","",'IMPORT SCHEDULE'!F10) | G10: =IF($A10="","",'IMPORT SCHEDULE'!G10) | H10: =IF($A10="","",'IMPORT SCHEDULE'!H10) | I10: =IF($A10="","",'IMPORT SCHEDULE'!I10) | J10: =IF($A10="","",IF('IMPORT SCHEDULE'!J10="","",'IMPORT SCHEDULE'!J10)) | K10: =IF($A10="","",IF('IMPORT SCHEDULE'!K10="","",'IMPORT SCHEDULE'!K10)) | L10: =IF($A10="","",IF(OR('IMPORT SCHEDULE'!L10=TRUE(),'IMPORT SCHEDULE'!L10="TRUE",'IMPORT SCHEDULE'!L10="true",'IMPORT SCHEDULE'!L10=1,AND(ISNUMBER($J10),ISNUMBER($K10))),1,0)) | M10: =IF($A10="","",COUNTIF($A$6:$A$1005,$A10)) | N10: =IF($F10="","",IF(ISNA(MATCH($F10,'TEAM MAP'!$K$6:$K$605,0)),"",INDEX('TEAM MAP'!$L$6:$L$605,MATCH($F10,'TEAM MAP'!$K$6:$K$605,0)))) | O10: =IF($F10="","",IF($N10<>"","FBS",IF(ISNA(MATCH($G10,'TEAM MAP'!$N$6:$N$40,0)),"FCS","BLOCK"))) | P10: =IF($H10="","",IF(ISNA(MATCH($H10,'TEAM MAP'!$K$6:$K$605,0)),"",INDEX('TEAM MAP'!$L$6:$L$605,MATCH($H10,'TEAM MAP'!$K$6:$K$605,0)))) | Q10: =IF($H10="","",IF($P10<>"","FBS",IF(ISNA(MATCH($I10,'TEAM MAP'!$N$6:$N$40,0)),"FCS","BLOCK"))) | R10: =IF($A10="","",IF($O10="FBS",IF(ISNA(MATCH($N10,PRESEASON!$A$6:$A$143,0)),"",IF(INDEX(PRESEASON!$Z$6:$Z$143,MATCH($N10,PRESEASON!$A$6:$A$143,0))="","",INDEX(PRESEASON!$Z$6:$Z$143,MATCH($N10,PRESEASON!$A$6:$A$143,0)))),IF($O10="FCS",IF(COUNTIF('FCS TIERS'!$J$6:$J$105,$F10)>0,IF(INDEX('FCS TIERS'!$K$6:$K$105,MATCH($F10,'FCS TIERS'!$J$6:$J$105,0))="","",INDEX('FCS TIERS'!$K$6:$K$105,MATCH($F10,'FCS TIERS'!$J$6:$J$105,0))),IF(COUNTIF('FCS TIERS'!$F$6:$F$205,$F10)>0,IF(ISNA(MATCH(INDEX('FCS TIERS'!$G$6:$G$205,MATCH($F10,'FCS TIERS'!$F$6:$F$205,0)),'FCS TIERS'!$A$6:$A$10,0)),"",IF(INDEX('FCS TIERS'!$B$6:$B$10,MATCH(INDEX('FCS TIERS'!$G$6:$G$205,MATCH($F10,'FCS TIERS'!$F$6:$F$205,0)),'FCS TIERS'!$A$6:$A$10,0))="","",INDEX('FCS TIERS'!$B$6:$B$10,MATCH(INDEX('FCS TIERS'!$G$6:$G$205,MATCH($F10,'FCS TIERS'!$F$6:$F$205,0)),'FCS TIERS'!$A$6:$A$10,0)))),"")),""))) | S10: =IF($A10="","",IF($Q10="FBS",IF(ISNA(MATCH($P10,PRESEASON!$A$6:$A$143,0)),"",IF(INDEX(PRESEASON!$Z$6:$Z$143,MATCH($P10,PRESEASON!$A$6:$A$143,0))="","",INDEX(PRESEASON!$Z$6:$Z$143,MATCH($P10,PRESEASON!$A$6:$A$143,0)))),IF($Q10="FCS",IF(COUNTIF('FCS TIERS'!$J$6:$J$105,$H10)>0,IF(INDEX('FCS TIERS'!$K$6:$K$105,MATCH($H10,'FCS TIERS'!$J$6:$J$105,0))="","",INDEX('FCS TIERS'!$K$6:$K$105,MATCH($H10,'FCS TIERS'!$J$6:$J$105,0))),IF(COUNTIF('FCS TIERS'!$F$6:$F$205,$H10)>0,IF(ISNA(MATCH(INDEX('FCS TIERS'!$G$6:$G$205,MATCH($H10,'FCS TIERS'!$F$6:$F$205,0)),'FCS TIERS'!$A$6:$A$10,0)),"",IF(INDEX('FCS TIERS'!$B$6:$B$10,MATCH(INDEX('FCS TIERS'!$G$6:$G$205,MATCH($H10,'FCS TIERS'!$F$6:$F$205,0)),'FCS TIERS'!$A$6:$A$10,0))="","",INDEX('FCS TIERS'!$B$6:$B$10,MATCH(INDEX('FCS TIERS'!$G$6:$G$205,MATCH($H10,'FCS TIERS'!$F$6:$F$205,0)),'FCS TIERS'!$A$6:$A$10,0)))),"")),""))) | T10: =IF(OR($A10="",$L10<>1,NOT(ISNUMBER($J10)),NOT(ISNUMBER($K10))),"",$K10-$J10) | U10: =IF(OR($T10="",NOT(ISNUMBER($R10))),"",MAX(-SETTINGS!$B$14,MIN(SETTINGS!$B$14,$T10-IF($E10=1,0,SETTINGS!$B$6)))-$R10) | V10: =IF(OR($T10="",NOT(ISNUMBER($S10))),"",MAX(-SETTINGS!$B$14,MIN(SETTINGS!$B$14,-$T10+IF($E10=1,0,SETTINGS!$B$6)))-$S10) | W10: =IF($A10="","",IF(OR(SETTINGS!$B$4="",NOT(ISNUMBER($C10))),1,SETTINGS!$B$20^MAX(0,SETTINGS!$B$4-$C10))) | X10: =IF(OR($A10="",NOT(ISNUMBER($U10))),0,$U10*$W10) | Y10: =IF(OR($A10="",NOT(ISNUMBER($U10))),0,$W10) | Z10: =IF(OR($A10="",NOT(ISNUMBER($V10))),0,$V10*$W10) | AA10: =IF(OR($A10="",NOT(ISNUMBER($V10))),0,$W10) | AB10: =IF($A10="",0,$L10*IF($O10="FBS",1,0)) | AC10: =IF($A10="",0,$L10*IF($Q10="FBS",1,0)) | AD10: =IF($A10="",0,$L10*IF($O10="FBS",1,0)) | AE10: =IF($A10="",0,$L10*IF($Q10="FBS",1,0)) | AF10: =IF($A10="","",IF($N10<>"",$N10,$F10)) | AG10: =IF($A10="","",IF($P10<>"",$P10,$H10))
A11: =IF('IMPORT SCHEDULE'!A11="","",'IMPORT SCHEDULE'!A11) | B11: =IF($A11="","",'IMPORT SCHEDULE'!B11) | C11: =IF($A11="","",'IMPORT SCHEDULE'!C11) | D11: =IF($A11="","",'IMPORT SCHEDULE'!D11) | E11: =IF($A11="","",IF(OR('IMPORT SCHEDULE'!E11=TRUE(),'IMPORT SCHEDULE'!E11="TRUE",'IMPORT SCHEDULE'!E11="true",'IMPORT SCHEDULE'!E11=1),1,0)) | F11: =IF($A11="","",'IMPORT SCHEDULE'!F11) | G11: =IF($A11="","",'IMPORT SCHEDULE'!G11) | H11: =IF($A11="","",'IMPORT SCHEDULE'!H11) | I11: =IF($A11="","",'IMPORT SCHEDULE'!I11) | J11: =IF($A11="","",IF('IMPORT SCHEDULE'!J11="","",'IMPORT SCHEDULE'!J11)) | K11: =IF($A11="","",IF('IMPORT SCHEDULE'!K11="","",'IMPORT SCHEDULE'!K11)) | L11: =IF($A11="","",IF(OR('IMPORT SCHEDULE'!L11=TRUE(),'IMPORT SCHEDULE'!L11="TRUE",'IMPORT SCHEDULE'!L11="true",'IMPORT SCHEDULE'!L11=1,AND(ISNUMBER($J11),ISNUMBER($K11))),1,0)) | M11: =IF($A11="","",COUNTIF($A$6:$A$1005,$A11)) | N11: =IF($F11="","",IF(ISNA(MATCH($F11,'TEAM MAP'!$K$6:$K$605,0)),"",INDEX('TEAM MAP'!$L$6:$L$605,MATCH($F11,'TEAM MAP'!$K$6:$K$605,0)))) | O11: =IF($F11="","",IF($N11<>"","FBS",IF(ISNA(MATCH($G11,'TEAM MAP'!$N$6:$N$40,0)),"FCS","BLOCK"))) | P11: =IF($H11="","",IF(ISNA(MATCH($H11,'TEAM MAP'!$K$6:$K$605,0)),"",INDEX('TEAM MAP'!$L$6:$L$605,MATCH($H11,'TEAM MAP'!$K$6:$K$605,0)))) | Q11: =IF($H11="","",IF($P11<>"","FBS",IF(ISNA(MATCH($I11,'TEAM MAP'!$N$6:$N$40,0)),"FCS","BLOCK"))) | R11: =IF($A11="","",IF($O11="FBS",IF(ISNA(MATCH($N11,PRESEASON!$A$6:$A$143,0)),"",IF(INDEX(PRESEASON!$Z$6:$Z$143,MATCH($N11,PRESEASON!$A$6:$A$143,0))="","",INDEX(PRESEASON!$Z$6:$Z$143,MATCH($N11,PRESEASON!$A$6:$A$143,0)))),IF($O11="FCS",IF(COUNTIF('FCS TIERS'!$J$6:$J$105,$F11)>0,IF(INDEX('FCS TIERS'!$K$6:$K$105,MATCH($F11,'FCS TIERS'!$J$6:$J$105,0))="","",INDEX('FCS TIERS'!$K$6:$K$105,MATCH($F11,'FCS TIERS'!$J$6:$J$105,0))),IF(COUNTIF('FCS TIERS'!$F$6:$F$205,$F11)>0,IF(ISNA(MATCH(INDEX('FCS TIERS'!$G$6:$G$205,MATCH($F11,'FCS TIERS'!$F$6:$F$205,0)),'FCS TIERS'!$A$6:$A$10,0)),"",IF(INDEX('FCS TIERS'!$B$6:$B$10,MATCH(INDEX('FCS TIERS'!$G$6:$G$205,MATCH($F11,'FCS TIERS'!$F$6:$F$205,0)),'FCS TIERS'!$A$6:$A$10,0))="","",INDEX('FCS TIERS'!$B$6:$B$10,MATCH(INDEX('FCS TIERS'!$G$6:$G$205,MATCH($F11,'FCS TIERS'!$F$6:$F$205,0)),'FCS TIERS'!$A$6:$A$10,0)))),"")),""))) | S11: =IF($A11="","",IF($Q11="FBS",IF(ISNA(MATCH($P11,PRESEASON!$A$6:$A$143,0)),"",IF(INDEX(PRESEASON!$Z$6:$Z$143,MATCH($P11,PRESEASON!$A$6:$A$143,0))="","",INDEX(PRESEASON!$Z$6:$Z$143,MATCH($P11,PRESEASON!$A$6:$A$143,0)))),IF($Q11="FCS",IF(COUNTIF('FCS TIERS'!$J$6:$J$105,$H11)>0,IF(INDEX('FCS TIERS'!$K$6:$K$105,MATCH($H11,'FCS TIERS'!$J$6:$J$105,0))="","",INDEX('FCS TIERS'!$K$6:$K$105,MATCH($H11,'FCS TIERS'!$J$6:$J$105,0))),IF(COUNTIF('FCS TIERS'!$F$6:$F$205,$H11)>0,IF(ISNA(MATCH(INDEX('FCS TIERS'!$G$6:$G$205,MATCH($H11,'FCS TIERS'!$F$6:$F$205,0)),'FCS TIERS'!$A$6:$A$10,0)),"",IF(INDEX('FCS TIERS'!$B$6:$B$10,MATCH(INDEX('FCS TIERS'!$G$6:$G$205,MATCH($H11,'FCS TIERS'!$F$6:$F$205,0)),'FCS TIERS'!$A$6:$A$10,0))="","",INDEX('FCS TIERS'!$B$6:$B$10,MATCH(INDEX('FCS TIERS'!$G$6:$G$205,MATCH($H11,'FCS TIERS'!$F$6:$F$205,0)),'FCS TIERS'!$A$6:$A$10,0)))),"")),""))) | T11: =IF(OR($A11="",$L11<>1,NOT(ISNUMBER($J11)),NOT(ISNUMBER($K11))),"",$K11-$J11) | U11: =IF(OR($T11="",NOT(ISNUMBER($R11))),"",MAX(-SETTINGS!$B$14,MIN(SETTINGS!$B$14,$T11-IF($E11=1,0,SETTINGS!$B$6)))-$R11) | V11: =IF(OR($T11="",NOT(ISNUMBER($S11))),"",MAX(-SETTINGS!$B$14,MIN(SETTINGS!$B$14,-$T11+IF($E11=1,0,SETTINGS!$B$6)))-$S11) | W11: =IF($A11="","",IF(OR(SETTINGS!$B$4="",NOT(ISNUMBER($C11))),1,SETTINGS!$B$20^MAX(0,SETTINGS!$B$4-$C11))) | X11: =IF(OR($A11="",NOT(ISNUMBER($U11))),0,$U11*$W11) | Y11: =IF(OR($A11="",NOT(ISNUMBER($U11))),0,$W11) | Z11: =IF(OR($A11="",NOT(ISNUMBER($V11))),0,$V11*$W11) | AA11: =IF(OR($A11="",NOT(ISNUMBER($V11))),0,$W11) | AB11: =IF($A11="",0,$L11*IF($O11="FBS",1,0)) | AC11: =IF($A11="",0,$L11*IF($Q11="FBS",1,0)) | AD11: =IF($A11="",0,$L11*IF($O11="FBS",1,0)) | AE11: =IF($A11="",0,$L11*IF($Q11="FBS",1,0)) | AF11: =IF($A11="","",IF($N11<>"",$N11,$F11)) | AG11: =IF($A11="","",IF($P11<>"",$P11,$H11))
A14: =IF('IMPORT SCHEDULE'!A14="","",'IMPORT SCHEDULE'!A14) | B14: =IF($A14="","",'IMPORT SCHEDULE'!B14) | C14: =IF($A14="","",'IMPORT SCHEDULE'!C14) | D14: =IF($A14="","",'IMPORT SCHEDULE'!D14) | E14: =IF($A14="","",IF(OR('IMPORT SCHEDULE'!E14=TRUE(),'IMPORT SCHEDULE'!E14="TRUE",'IMPORT SCHEDULE'!E14="true",'IMPORT SCHEDULE'!E14=1),1,0)) | F14: =IF($A14="","",'IMPORT SCHEDULE'!F14) | G14: =IF($A14="","",'IMPORT SCHEDULE'!G14) | H14: =IF($A14="","",'IMPORT SCHEDULE'!H14) | I14: =IF($A14="","",'IMPORT SCHEDULE'!I14) | J14: =IF($A14="","",IF('IMPORT SCHEDULE'!J14="","",'IMPORT SCHEDULE'!J14)) | K14: =IF($A14="","",IF('IMPORT SCHEDULE'!K14="","",'IMPORT SCHEDULE'!K14)) | L14: =IF($A14="","",IF(OR('IMPORT SCHEDULE'!L14=TRUE(),'IMPORT SCHEDULE'!L14="TRUE",'IMPORT SCHEDULE'!L14="true",'IMPORT SCHEDULE'!L14=1,AND(ISNUMBER($J14),ISNUMBER($K14))),1,0)) | M14: =IF($A14="","",COUNTIF($A$6:$A$1005,$A14)) | N14: =IF($F14="","",IF(ISNA(MATCH($F14,'TEAM MAP'!$K$6:$K$605,0)),"",INDEX('TEAM MAP'!$L$6:$L$605,MATCH($F14,'TEAM MAP'!$K$6:$K$605,0)))) | O14: =IF($F14="","",IF($N14<>"","FBS",IF(ISNA(MATCH($G14,'TEAM MAP'!$N$6:$N$40,0)),"FCS","BLOCK"))) | P14: =IF($H14="","",IF(ISNA(MATCH($H14,'TEAM MAP'!$K$6:$K$605,0)),"",INDEX('TEAM MAP'!$L$6:$L$605,MATCH($H14,'TEAM MAP'!$K$6:$K$605,0)))) | Q14: =IF($H14="","",IF($P14<>"","FBS",IF(ISNA(MATCH($I14,'TEAM MAP'!$N$6:$N$40,0)),"FCS","BLOCK"))) | R14: =IF($A14="","",IF($O14="FBS",IF(ISNA(MATCH($N14,PRESEASON!$A$6:$A$143,0)),"",IF(INDEX(PRESEASON!$Z$6:$Z$143,MATCH($N14,PRESEASON!$A$6:$A$143,0))="","",INDEX(PRESEASON!$Z$6:$Z$143,MATCH($N14,PRESEASON!$A$6:$A$143,0)))),IF($O14="FCS",IF(COUNTIF('FCS TIERS'!$J$6:$J$105,$F14)>0,IF(INDEX('FCS TIERS'!$K$6:$K$105,MATCH($F14,'FCS TIERS'!$J$6:$J$105,0))="","",INDEX('FCS TIERS'!$K$6:$K$105,MATCH($F14,'FCS TIERS'!$J$6:$J$105,0))),IF(COUNTIF('FCS TIERS'!$F$6:$F$205,$F14)>0,IF(ISNA(MATCH(INDEX('FCS TIERS'!$G$6:$G$205,MATCH($F14,'FCS TIERS'!$F$6:$F$205,0)),'FCS TIERS'!$A$6:$A$10,0)),"",IF(INDEX('FCS TIERS'!$B$6:$B$10,MATCH(INDEX('FCS TIERS'!$G$6:$G$205,MATCH($F14,'FCS TIERS'!$F$6:$F$205,0)),'FCS TIERS'!$A$6:$A$10,0))="","",INDEX('FCS TIERS'!$B$6:$B$10,MATCH(INDEX('FCS TIERS'!$G$6:$G$205,MATCH($F14,'FCS TIERS'!$F$6:$F$205,0)),'FCS TIERS'!$A$6:$A$10,0)))),"")),""))) | S14: =IF($A14="","",IF($Q14="FBS",IF(ISNA(MATCH($P14,PRESEASON!$A$6:$A$143,0)),"",IF(INDEX(PRESEASON!$Z$6:$Z$143,MATCH($P14,PRESEASON!$A$6:$A$143,0))="","",INDEX(PRESEASON!$Z$6:$Z$143,MATCH($P14,PRESEASON!$A$6:$A$143,0)))),IF($Q14="FCS",IF(COUNTIF('FCS TIERS'!$J$6:$J$105,$H14)>0,IF(INDEX('FCS TIERS'!$K$6:$K$105,MATCH($H14,'FCS TIERS'!$J$6:$J$105,0))="","",INDEX('FCS TIERS'!$K$6:$K$105,MATCH($H14,'FCS TIERS'!$J$6:$J$105,0))),IF(COUNTIF('FCS TIERS'!$F$6:$F$205,$H14)>0,IF(ISNA(MATCH(INDEX('FCS TIERS'!$G$6:$G$205,MATCH($H14,'FCS TIERS'!$F$6:$F$205,0)),'FCS TIERS'!$A$6:$A$10,0)),"",IF(INDEX('FCS TIERS'!$B$6:$B$10,MATCH(INDEX('FCS TIERS'!$G$6:$G$205,MATCH($H14,'FCS TIERS'!$F$6:$F$205,0)),'FCS TIERS'!$A$6:$A$10,0))="","",INDEX('FCS TIERS'!$B$6:$B$10,MATCH(INDEX('FCS TIERS'!$G$6:$G$205,MATCH($H14,'FCS TIERS'!$F$6:$F$205,0)),'FCS TIERS'!$A$6:$A$10,0)))),"")),""))) | T14: =IF(OR($A14="",$L14<>1,NOT(ISNUMBER($J14)),NOT(ISNUMBER($K14))),"",$K14-$J14) | U14: =IF(OR($T14="",NOT(ISNUMBER($R14))),"",MAX(-SETTINGS!$B$14,MIN(SETTINGS!$B$14,$T14-IF($E14=1,0,SETTINGS!$B$6)))-$R14) | V14: =IF(OR($T14="",NOT(ISNUMBER($S14))),"",MAX(-SETTINGS!$B$14,MIN(SETTINGS!$B$14,-$T14+IF($E14=1,0,SETTINGS!$B$6)))-$S14) | W14: =IF($A14="","",IF(OR(SETTINGS!$B$4="",NOT(ISNUMBER($C14))),1,SETTINGS!$B$20^MAX(0,SETTINGS!$B$4-$C14))) | X14: =IF(OR($A14="",NOT(ISNUMBER($U14))),0,$U14*$W14) | Y14: =IF(OR($A14="",NOT(ISNUMBER($U14))),0,$W14) | Z14: =IF(OR($A14="",NOT(ISNUMBER($V14))),0,$V14*$W14) | AA14: =IF(OR($A14="",NOT(ISNUMBER($V14))),0,$W14) | AB14: =IF($A14="",0,$L14*IF($O14="FBS",1,0)) | AC14: =IF($A14="",0,$L14*IF($Q14="FBS",1,0)) | AD14: =IF($A14="",0,$L14*IF($O14="FBS",1,0)) | AE14: =IF($A14="",0,$L14*IF($Q14="FBS",1,0)) | AF14: =IF($A14="","",IF($N14<>"",$N14,$F14)) | AG14: =IF($A14="","",IF($P14<>"",$P14,$H14))
A15: =IF('IMPORT SCHEDULE'!A15="","",'IMPORT SCHEDULE'!A15) | B15: =IF($A15="","",'IMPORT SCHEDULE'!B15) | C15: =IF($A15="","",'IMPORT SCHEDULE'!C15) | D15: =IF($A15="","",'IMPORT SCHEDULE'!D15) | E15: =IF($A15="","",IF(OR('IMPORT SCHEDULE'!E15=TRUE(),'IMPORT SCHEDULE'!E15="TRUE",'IMPORT SCHEDULE'!E15="true",'IMPORT SCHEDULE'!E15=1),1,0)) | F15: =IF($A15="","",'IMPORT SCHEDULE'!F15) | G15: =IF($A15="","",'IMPORT SCHEDULE'!G15) | H15: =IF($A15="","",'IMPORT SCHEDULE'!H15) | I15: =IF($A15="","",'IMPORT SCHEDULE'!I15) | J15: =IF($A15="","",IF('IMPORT SCHEDULE'!J15="","",'IMPORT SCHEDULE'!J15)) | K15: =IF($A15="","",IF('IMPORT SCHEDULE'!K15="","",'IMPORT SCHEDULE'!K15)) | L15: =IF($A15="","",IF(OR('IMPORT SCHEDULE'!L15=TRUE(),'IMPORT SCHEDULE'!L15="TRUE",'IMPORT SCHEDULE'!L15="true",'IMPORT SCHEDULE'!L15=1,AND(ISNUMBER($J15),ISNUMBER($K15))),1,0)) | M15: =IF($A15="","",COUNTIF($A$6:$A$1005,$A15)) | N15: =IF($F15="","",IF(ISNA(MATCH($F15,'TEAM MAP'!$K$6:$K$605,0)),"",INDEX('TEAM MAP'!$L$6:$L$605,MATCH($F15,'TEAM MAP'!$K$6:$K$605,0)))) | O15: =IF($F15="","",IF($N15<>"","FBS",IF(ISNA(MATCH($G15,'TEAM MAP'!$N$6:$N$40,0)),"FCS","BLOCK"))) | P15: =IF($H15="","",IF(ISNA(MATCH($H15,'TEAM MAP'!$K$6:$K$605,0)),"",INDEX('TEAM MAP'!$L$6:$L$605,MATCH($H15,'TEAM MAP'!$K$6:$K$605,0)))) | Q15: =IF($H15="","",IF($P15<>"","FBS",IF(ISNA(MATCH($I15,'TEAM MAP'!$N$6:$N$40,0)),"FCS","BLOCK"))) | R15: =IF($A15="","",IF($O15="FBS",IF(ISNA(MATCH($N15,PRESEASON!$A$6:$A$143,0)),"",IF(INDEX(PRESEASON!$Z$6:$Z$143,MATCH($N15,PRESEASON!$A$6:$A$143,0))="","",INDEX(PRESEASON!$Z$6:$Z$143,MATCH($N15,PRESEASON!$A$6:$A$143,0)))),IF($O15="FCS",IF(COUNTIF('FCS TIERS'!$J$6:$J$105,$F15)>0,IF(INDEX('FCS TIERS'!$K$6:$K$105,MATCH($F15,'FCS TIERS'!$J$6:$J$105,0))="","",INDEX('FCS TIERS'!$K$6:$K$105,MATCH($F15,'FCS TIERS'!$J$6:$J$105,0))),IF(COUNTIF('FCS TIERS'!$F$6:$F$205,$F15)>0,IF(ISNA(MATCH(INDEX('FCS TIERS'!$G$6:$G$205,MATCH($F15,'FCS TIERS'!$F$6:$F$205,0)),'FCS TIERS'!$A$6:$A$10,0)),"",IF(INDEX('FCS TIERS'!$B$6:$B$10,MATCH(INDEX('FCS TIERS'!$G$6:$G$205,MATCH($F15,'FCS TIERS'!$F$6:$F$205,0)),'FCS TIERS'!$A$6:$A$10,0))="","",INDEX('FCS TIERS'!$B$6:$B$10,MATCH(INDEX('FCS TIERS'!$G$6:$G$205,MATCH($F15,'FCS TIERS'!$F$6:$F$205,0)),'FCS TIERS'!$A$6:$A$10,0)))),"")),""))) | S15: =IF($A15="","",IF($Q15="FBS",IF(ISNA(MATCH($P15,PRESEASON!$A$6:$A$143,0)),"",IF(INDEX(PRESEASON!$Z$6:$Z$143,MATCH($P15,PRESEASON!$A$6:$A$143,0))="","",INDEX(PRESEASON!$Z$6:$Z$143,MATCH($P15,PRESEASON!$A$6:$A$143,0)))),IF($Q15="FCS",IF(COUNTIF('FCS TIERS'!$J$6:$J$105,$H15)>0,IF(INDEX('FCS TIERS'!$K$6:$K$105,MATCH($H15,'FCS TIERS'!$J$6:$J$105,0))="","",INDEX('FCS TIERS'!$K$6:$K$105,MATCH($H15,'FCS TIERS'!$J$6:$J$105,0))),IF(COUNTIF('FCS TIERS'!$F$6:$F$205,$H15)>0,IF(ISNA(MATCH(INDEX('FCS TIERS'!$G$6:$G$205,MATCH($H15,'FCS TIERS'!$F$6:$F$205,0)),'FCS TIERS'!$A$6:$A$10,0)),"",IF(INDEX('FCS TIERS'!$B$6:$B$10,MATCH(INDEX('FCS TIERS'!$G$6:$G$205,MATCH($H15,'FCS TIERS'!$F$6:$F$205,0)),'FCS TIERS'!$A$6:$A$10,0))="","",INDEX('FCS TIERS'!$B$6:$B$10,MATCH(INDEX('FCS TIERS'!$G$6:$G$205,MATCH($H15,'FCS TIERS'!$F$6:$F$205,0)),'FCS TIERS'!$A$6:$A$10,0)))),"")),""))) | T15: =IF(OR($A15="",$L15<>1,NOT(ISNUMBER($J15)),NOT(ISNUMBER($K15))),"",$K15-$J15) | U15: =IF(OR($T15="",NOT(ISNUMBER($R15))),"",MAX(-SETTINGS!$B$14,MIN(SETTINGS!$B$14,$T15-IF($E15=1,0,SETTINGS!$B$6)))-$R15) | V15: =IF(OR($T15="",NOT(ISNUMBER($S15))),"",MAX(-SETTINGS!$B$14,MIN(SETTINGS!$B$14,-$T15+IF($E15=1,0,SETTINGS!$B$6)))-$S15) | W15: =IF($A15="","",IF(OR(SETTINGS!$B$4="",NOT(ISNUMBER($C15))),1,SETTINGS!$B$20^MAX(0,SETTINGS!$B$4-$C15))) | X15: =IF(OR($A15="",NOT(ISNUMBER($U15))),0,$U15*$W15) | Y15: =IF(OR($A15="",NOT(ISNUMBER($U15))),0,$W15) | Z15: =IF(OR($A15="",NOT(ISNUMBER($V15))),0,$V15*$W15) | AA15: =IF(OR($A15="",NOT(ISNUMBER($V15))),0,$W15) | AB15: =IF($A15="",0,$L15*IF($O15="FBS",1,0)) | AC15: =IF($A15="",0,$L15*IF($Q15="FBS",1,0)) | AD15: =IF($A15="",0,$L15*IF($O15="FBS",1,0)) | AE15: =IF($A15="",0,$L15*IF($Q15="FBS",1,0)) | AF15: =IF($A15="","",IF($N15<>"",$N15,$F15)) | AG15: =IF($A15="","",IF($P15<>"",$P15,$H15))

Sheet ENGINE
A6: =IF(CLEAN!$A6="","",CLEAN!$A6) | B6: =IF($A6="","",CLEAN!$C6) | C6: =IF($A6="","",CLEAN!$D6) | D6: =IF($A6="","",CLEAN!$AF6) | E6: =IF($A6="","",CLEAN!$AG6) | F6: =IF($A6="","",CLEAN!$E6) | G6: =IF($A6="","",CLEAN!$O6) | H6: =IF($A6="","",CLEAN!$Q6) | I6: =IF($A6="","",IF($G6="FCS",IF(CLEAN!$R6="","",CLEAN!$R6),IF($G6="FBS",IF(ISNA(MATCH(CLEAN!$N6,'TEAM RATINGS'!$A$6:$A$143,0)),"",IF(INDEX('TEAM RATINGS'!$O$6:$O$143,MATCH(CLEAN!$N6,'TEAM RATINGS'!$A$6:$A$143,0))="","",INDEX('TEAM RATINGS'!$O$6:$O$143,MATCH(CLEAN!$N6,'TEAM RATINGS'!$A$6:$A$143,0)))),""))) | J6: =IF($A6="","",IF($H6="FCS",IF(CLEAN!$S6="","",CLEAN!$S6),IF($H6="FBS",IF(ISNA(MATCH(CLEAN!$P6,'TEAM RATINGS'!$A$6:$A$143,0)),"",IF(INDEX('TEAM RATINGS'!$O$6:$O$143,MATCH(CLEAN!$P6,'TEAM RATINGS'!$A$6:$A$143,0))="","",INDEX('TEAM RATINGS'!$O$6:$O$143,MATCH(CLEAN!$P6,'TEAM RATINGS'!$A$6:$A$143,0)))),""))) | K6: =IF(OR($I6="",$J6=""),"",$J6-$I6) | L6: =IF($A6="","",IF($F6=1,SETTINGS!$B$7,IF($H6<>"FBS",SETTINGS!$B$6,IF(ISNA(MATCH(CLEAN!$P6,'TEAM RATINGS'!$A$6:$A$143,0)),SETTINGS!$B$6,INDEX('TEAM RATINGS'!$S$6:$S$143,MATCH(CLEAN!$P6,'TEAM RATINGS'!$A$6:$A$143,0)))))) | M6: =IF($A6="","",IF($H6<>"FBS",0,IF(ISNA(MATCH(CLEAN!$P6,'QB VALUES'!$A$6:$A$143,0)),0,IF(INDEX('QB VALUES'!$G$6:$G$143,MATCH(CLEAN!$P6,'QB VALUES'!$A$6:$A$143,0))="",0,INDEX('QB VALUES'!$G$6:$G$143,MATCH(CLEAN!$P6,'QB VALUES'!$A$6:$A$143,0)))))-IF($G6<>"FBS",0,IF(ISNA(MATCH(CLEAN!$N6,'QB VALUES'!$A$6:$A$143,0)),0,IF(INDEX('QB VALUES'!$G$6:$G$143,MATCH(CLEAN!$N6,'QB VALUES'!$A$6:$A$143,0))="",0,INDEX('QB VALUES'!$G$6:$G$143,MATCH(CLEAN!$N6,'QB VALUES'!$A$6:$A$143,0)))))) | N6: =IF($A6="","",SUMIFS(ADJUSTMENTS!$C$6:$C$255,ADJUSTMENTS!$A$6:$A$255,"TRAVEL/REST",ADJUSTMENTS!$B$6:$B$255,$A6,ADJUSTMENTS!$J$6:$J$255,1)) | O6: =IF($A6="","",SUMIFS(ADJUSTMENTS!$C$6:$C$255,ADJUSTMENTS!$A$6:$A$255,"GAME",ADJUSTMENTS!$B$6:$B$255,$A6,ADJUSTMENTS!$J$6:$J$255,1)+SUMIFS(ADJUSTMENTS!$C$6:$C$255,ADJUSTMENTS!$A$6:$A$255,"INJURY",ADJUSTMENTS!$B$6:$B$255,$A6,ADJUSTMENTS!$J$6:$J$255,1)+SUMIFS(ADJUSTMENTS!$C$6:$C$255,ADJUSTMENTS!$A$6:$A$255,"WEATHER",ADJUSTMENTS!$B$6:$B$255,$A6,ADJUSTMENTS!$J$6:$J$255,1)+SUMIFS(ADJUSTMENTS!$C$6:$C$255,ADJUSTMENTS!$A$6:$A$255,"QB",ADJUSTMENTS!$B$6:$B$255,$A6,ADJUSTMENTS!$J$6:$J$255,1)+IF(CLEAN!$P6="",0,SUMIFS(ADJUSTMENTS!$C$6:$C$255,ADJUSTMENTS!$A$6:$A$255,"TEAM TEMP",ADJUSTMENTS!$B$6:$B$255,CLEAN!$P6,ADJUSTMENTS!$J$6:$J$255,1))-IF(CLEAN!$N6="",0,SUMIFS(ADJUSTMENTS!$C$6:$C$255,ADJUSTMENTS!$A$6:$A$255,"TEAM TEMP",ADJUSTMENTS!$B$6:$B$255,CLEAN!$N6,ADJUSTMENTS!$J$6:$J$255,1))) | P6: =IF($K6="","",$K6+$L6+$M6+$N6+$O6) | Q6: =IF($A6="","",IF(COUNTIFS(ADJUSTMENTS!$A$6:$A$255,"MARGIN OVERRIDE",ADJUSTMENTS!$B$6:$B$255,$A6,ADJUSTMENTS!$J$6:$J$255,1)=1,SUMIFS(ADJUSTMENTS!$C$6:$C$255,ADJUSTMENTS!$A$6:$A$255,"MARGIN OVERRIDE",ADJUSTMENTS!$B$6:$B$255,$A6,ADJUSTMENTS!$J$6:$J$255,1),"")) | R6: =IF($A6="","",IF(ISNUMBER($Q6),$Q6,IF($P6="","",$P6))) | S6: =IF(OR($A6="",$R6=""),"",IF($R6>0,$E6&" -"&TEXT(ABS($R6),"0.0"),IF($R6<0,$D6&" -"&TEXT(ABS($R6),"0.0"),"PICK"))) | T6: =IF($A6="","",CALC!$N6) | V6: =IF(OR($R6="",$T6=""),"",$R6+$T6) | W6: =IF($V6="","",IF($V6>0,$E6,$D6)) | X6: =IF(OR($V6="",$AI6="BLOCKED",$AI6="PENDING LINE",$AI6="STALE LINE"),"",IF(ABS($V6)<SETTINGS!$B$8,"",IF(ABS($V6)<SETTINGS!$B$9,"LEAN",IF(OR(ABS($V6)<SETTINGS!$B$10,SETTINGS!$B$11<>"Y",$AI6<>"READY",$AF6<>"",$AG6<>""),"INVESTIGATE","BET")))) | Y6: =IF(OR($A6="",SETTINGS!$B$22="",SETTINGS!$B$23="",$G6<>"FBS",$H6<>"FBS",CALC!$T6="",CALC!$U6="",CALC!$V6="",CALC!$W6=""),"",SETTINGS!$B$22+(CALC!$T6+CALC!$V6-CALC!$U6-CALC!$W6)*SETTINGS!$B$23) | Z6: =IF($A6="","",CALC!$O6) | AA6: =IF(OR($Y6="",$Z6=""),"",$Y6-$Z6) | AB6: =IF($AA6="","",IF(ABS($AA6)<SETTINGS!$B$8*2,"",IF(ABS($AA6)<SETTINGS!$B$9*2,"LEAN",IF(OR(SETTINGS!$B$11<>"Y",$AI6<>"READY",ABS($AA6)<SETTINGS!$B$10*2,$AF6<>"",$AG6<>""),"INVESTIGATE","BET")))) | AC6: =IF(OR($Y6="",$R6=""),"",($Y6+$R6)/2) | AD6: =IF(OR($Y6="",$R6=""),"",($Y6-$R6)/2) | AE6: =IF($A6="","",IF(OR(IF($G6<>"FBS",FALSE(),IF(ISNA(MATCH(CLEAN!$N6,'QB VALUES'!$A$6:$A$143,0)),TRUE(),INDEX('QB VALUES'!$M$6:$M$143,MATCH(CLEAN!$N6,'QB VALUES'!$A$6:$A$143,0))="UNCERTAIN")),IF($H6<>"FBS",FALSE(),IF(ISNA(MATCH(CLEAN!$P6,'QB VALUES'!$A$6:$A$143,0)),TRUE(),INDEX('QB VALUES'!$M$6:$M$143,MATCH(CLEAN!$P6,'QB VALUES'!$A$6:$A$143,0))="UNCERTAIN"))),"QB UNCERTAIN","OK")) | AF6: =IF($A6="","",IF(IF($G6<>"FBS",0,IF(AND(INDEX('TEAM RATINGS'!$D$6:$D$143,MATCH(CLEAN!$N6,'TEAM RATINGS'!$A$6:$A$143,0))="Y",INDEX('TEAM RATINGS'!$X$6:$X$143,MATCH(CLEAN!$N6,'TEAM RATINGS'!$A$6:$A$143,0))<>"Y"),1,0))+IF($H6<>"FBS",0,IF(AND(INDEX('TEAM RATINGS'!$D$6:$D$143,MATCH(CLEAN!$P6,'TEAM RATINGS'!$A$6:$A$143,0))="Y",INDEX('TEAM RATINGS'!$X$6:$X$143,MATCH(CLEAN!$P6,'TEAM RATINGS'!$A$6:$A$143,0))<>"Y"),1,0))>0,"TRANSITIONAL","")) | AG6: =IF($A6="","",IF(OR($G6="FCS",$H6="FCS"),"FCS OPP","")) | AH6: =IF($A6="","",IF(CLEAN!$M6>1,"DUP GAMEID; ","")&IF(OR($G6="BLOCK",$H6="BLOCK"),"TEAM NOT FOUND; ","")&IF(AND($G6="FBS",$I6=""),"AWAY RATING MISSING; ","")&IF(AND($H6="FBS",$J6=""),"HOME RATING MISSING; ","")&IF(AND(CALC!$L6<>"",CALC!$M6<>"",CALC!$N6=""),"INVALID FAVORITE; ","")&IF(CALC!$R6=1,"DUPLICATE MARKET ROW; ","")&IF(COUNTIFS(ADJUSTMENTS!$A$6:$A$255,"MARGIN OVERRIDE",ADJUSTMENTS!$B$6:$B$255,$A6,ADJUSTMENTS!$J$6:$J$255,1)>1,"DUPLICATE OVERRIDE; ","")) | AI6: =IF($A6="","",IF($AH6<>"","BLOCKED",IF($AG6<>"","FCS — NO PLAY",IF(CALC!$S6=1,"PENDING LINE",IF(CALC!$Q6=1,"STALE LINE",IF($AE6="QB UNCERTAIN","QB UNCERTAIN",IF($AF6<>"","TRANSITION UNCERTAIN",IF(OR($B6="",$C6=""),"DATA INCOMPLETE","READY")))))))) | AJ6: =IF(OR($AI6="",$AI6="BLOCKED",$AI6="PENDING LINE",$AI6="FCS — NO PLAY"),"",MAX(1,MIN(5,3-IF(CALC!$Z6<SETTINGS!$B$24,1,0)-IF($AE6="QB UNCERTAIN",1,0)-IF($AF6<>"",1,0)-IF($AG6<>"",1,0)+IF(CALC!$Z6>=6,1,0)))) | AK6: =IF($A6="","",IF(ISNUMBER($Q6),"MARGIN OVR; ","")&IF($G6<>"FBS","",IF(INDEX('TEAM RATINGS'!$P$6:$P$143,MATCH(CLEAN!$N6,'TEAM RATINGS'!$A$6:$A$143,0))="OVERRIDE","AWAY RATING OVR; ",""))&IF($H6<>"FBS","",IF(INDEX('TEAM RATINGS'!$P$6:$P$143,MATCH(CLEAN!$P6,'TEAM RATINGS'!$A$6:$A$143,0))="OVERRIDE","HOME RATING OVR; ","")))
A8: =IF(CLEAN!$A8="","",CLEAN!$A8) | B8: =IF($A8="","",CLEAN!$C8) | C8: =IF($A8="","",CLEAN!$D8) | D8: =IF($A8="","",CLEAN!$AF8) | E8: =IF($A8="","",CLEAN!$AG8) | F8: =IF($A8="","",CLEAN!$E8) | G8: =IF($A8="","",CLEAN!$O8) | H8: =IF($A8="","",CLEAN!$Q8) | I8: =IF($A8="","",IF($G8="FCS",IF(CLEAN!$R8="","",CLEAN!$R8),IF($G8="FBS",IF(ISNA(MATCH(CLEAN!$N8,'TEAM RATINGS'!$A$6:$A$143,0)),"",IF(INDEX('TEAM RATINGS'!$O$6:$O$143,MATCH(CLEAN!$N8,'TEAM RATINGS'!$A$6:$A$143,0))="","",INDEX('TEAM RATINGS'!$O$6:$O$143,MATCH(CLEAN!$N8,'TEAM RATINGS'!$A$6:$A$143,0)))),""))) | J8: =IF($A8="","",IF($H8="FCS",IF(CLEAN!$S8="","",CLEAN!$S8),IF($H8="FBS",IF(ISNA(MATCH(CLEAN!$P8,'TEAM RATINGS'!$A$6:$A$143,0)),"",IF(INDEX('TEAM RATINGS'!$O$6:$O$143,MATCH(CLEAN!$P8,'TEAM RATINGS'!$A$6:$A$143,0))="","",INDEX('TEAM RATINGS'!$O$6:$O$143,MATCH(CLEAN!$P8,'TEAM RATINGS'!$A$6:$A$143,0)))),""))) | K8: =IF(OR($I8="",$J8=""),"",$J8-$I8) | L8: =IF($A8="","",IF($F8=1,SETTINGS!$B$7,IF($H8<>"FBS",SETTINGS!$B$6,IF(ISNA(MATCH(CLEAN!$P8,'TEAM RATINGS'!$A$6:$A$143,0)),SETTINGS!$B$6,INDEX('TEAM RATINGS'!$S$6:$S$143,MATCH(CLEAN!$P8,'TEAM RATINGS'!$A$6:$A$143,0)))))) | M8: =IF($A8="","",IF($H8<>"FBS",0,IF(ISNA(MATCH(CLEAN!$P8,'QB VALUES'!$A$6:$A$143,0)),0,IF(INDEX('QB VALUES'!$G$6:$G$143,MATCH(CLEAN!$P8,'QB VALUES'!$A$6:$A$143,0))="",0,INDEX('QB VALUES'!$G$6:$G$143,MATCH(CLEAN!$P8,'QB VALUES'!$A$6:$A$143,0)))))-IF($G8<>"FBS",0,IF(ISNA(MATCH(CLEAN!$N8,'QB VALUES'!$A$6:$A$143,0)),0,IF(INDEX('QB VALUES'!$G$6:$G$143,MATCH(CLEAN!$N8,'QB VALUES'!$A$6:$A$143,0))="",0,INDEX('QB VALUES'!$G$6:$G$143,MATCH(CLEAN!$N8,'QB VALUES'!$A$6:$A$143,0)))))) | N8: =IF($A8="","",SUMIFS(ADJUSTMENTS!$C$6:$C$255,ADJUSTMENTS!$A$6:$A$255,"TRAVEL/REST",ADJUSTMENTS!$B$6:$B$255,$A8,ADJUSTMENTS!$J$6:$J$255,1)) | O8: =IF($A8="","",SUMIFS(ADJUSTMENTS!$C$6:$C$255,ADJUSTMENTS!$A$6:$A$255,"GAME",ADJUSTMENTS!$B$6:$B$255,$A8,ADJUSTMENTS!$J$6:$J$255,1)+SUMIFS(ADJUSTMENTS!$C$6:$C$255,ADJUSTMENTS!$A$6:$A$255,"INJURY",ADJUSTMENTS!$B$6:$B$255,$A8,ADJUSTMENTS!$J$6:$J$255,1)+SUMIFS(ADJUSTMENTS!$C$6:$C$255,ADJUSTMENTS!$A$6:$A$255,"WEATHER",ADJUSTMENTS!$B$6:$B$255,$A8,ADJUSTMENTS!$J$6:$J$255,1)+SUMIFS(ADJUSTMENTS!$C$6:$C$255,ADJUSTMENTS!$A$6:$A$255,"QB",ADJUSTMENTS!$B$6:$B$255,$A8,ADJUSTMENTS!$J$6:$J$255,1)+IF(CLEAN!$P8="",0,SUMIFS(ADJUSTMENTS!$C$6:$C$255,ADJUSTMENTS!$A$6:$A$255,"TEAM TEMP",ADJUSTMENTS!$B$6:$B$255,CLEAN!$P8,ADJUSTMENTS!$J$6:$J$255,1))-IF(CLEAN!$N8="",0,SUMIFS(ADJUSTMENTS!$C$6:$C$255,ADJUSTMENTS!$A$6:$A$255,"TEAM TEMP",ADJUSTMENTS!$B$6:$B$255,CLEAN!$N8,ADJUSTMENTS!$J$6:$J$255,1))) | P8: =IF($K8="","",$K8+$L8+$M8+$N8+$O8) | Q8: =IF($A8="","",IF(COUNTIFS(ADJUSTMENTS!$A$6:$A$255,"MARGIN OVERRIDE",ADJUSTMENTS!$B$6:$B$255,$A8,ADJUSTMENTS!$J$6:$J$255,1)=1,SUMIFS(ADJUSTMENTS!$C$6:$C$255,ADJUSTMENTS!$A$6:$A$255,"MARGIN OVERRIDE",ADJUSTMENTS!$B$6:$B$255,$A8,ADJUSTMENTS!$J$6:$J$255,1),"")) | R8: =IF($A8="","",IF(ISNUMBER($Q8),$Q8,IF($P8="","",$P8))) | S8: =IF(OR($A8="",$R8=""),"",IF($R8>0,$E8&" -"&TEXT(ABS($R8),"0.0"),IF($R8<0,$D8&" -"&TEXT(ABS($R8),"0.0"),"PICK"))) | T8: =IF($A8="","",CALC!$N8) | V8: =IF(OR($R8="",$T8=""),"",$R8+$T8) | W8: =IF($V8="","",IF($V8>0,$E8,$D8)) | X8: =IF(OR($V8="",$AI8="BLOCKED",$AI8="PENDING LINE",$AI8="STALE LINE"),"",IF(ABS($V8)<SETTINGS!$B$8,"",IF(ABS($V8)<SETTINGS!$B$9,"LEAN",IF(OR(ABS($V8)<SETTINGS!$B$10,SETTINGS!$B$11<>"Y",$AI8<>"READY",$AF8<>"",$AG8<>""),"INVESTIGATE","BET")))) | Y8: =IF(OR($A8="",SETTINGS!$B$22="",SETTINGS!$B$23="",$G8<>"FBS",$H8<>"FBS",CALC!$T8="",CALC!$U8="",CALC!$V8="",CALC!$W8=""),"",SETTINGS!$B$22+(CALC!$T8+CALC!$V8-CALC!$U8-CALC!$W8)*SETTINGS!$B$23) | Z8: =IF($A8="","",CALC!$O8) | AA8: =IF(OR($Y8="",$Z8=""),"",$Y8-$Z8) | AB8: =IF($AA8="","",IF(ABS($AA8)<SETTINGS!$B$8*2,"",IF(ABS($AA8)<SETTINGS!$B$9*2,"LEAN",IF(OR(SETTINGS!$B$11<>"Y",$AI8<>"READY",ABS($AA8)<SETTINGS!$B$10*2,$AF8<>"",$AG8<>""),"INVESTIGATE","BET")))) | AC8: =IF(OR($Y8="",$R8=""),"",($Y8+$R8)/2) | AD8: =IF(OR($Y8="",$R8=""),"",($Y8-$R8)/2) | AE8: =IF($A8="","",IF(OR(IF($G8<>"FBS",FALSE(),IF(ISNA(MATCH(CLEAN!$N8,'QB VALUES'!$A$6:$A$143,0)),TRUE(),INDEX('QB VALUES'!$M$6:$M$143,MATCH(CLEAN!$N8,'QB VALUES'!$A$6:$A$143,0))="UNCERTAIN")),IF($H8<>"FBS",FALSE(),IF(ISNA(MATCH(CLEAN!$P8,'QB VALUES'!$A$6:$A$143,0)),TRUE(),INDEX('QB VALUES'!$M$6:$M$143,MATCH(CLEAN!$P8,'QB VALUES'!$A$6:$A$143,0))="UNCERTAIN"))),"QB UNCERTAIN","OK")) | AF8: =IF($A8="","",IF(IF($G8<>"FBS",0,IF(AND(INDEX('TEAM RATINGS'!$D$6:$D$143,MATCH(CLEAN!$N8,'TEAM RATINGS'!$A$6:$A$143,0))="Y",INDEX('TEAM RATINGS'!$X$6:$X$143,MATCH(CLEAN!$N8,'TEAM RATINGS'!$A$6:$A$143,0))<>"Y"),1,0))+IF($H8<>"FBS",0,IF(AND(INDEX('TEAM RATINGS'!$D$6:$D$143,MATCH(CLEAN!$P8,'TEAM RATINGS'!$A$6:$A$143,0))="Y",INDEX('TEAM RATINGS'!$X$6:$X$143,MATCH(CLEAN!$P8,'TEAM RATINGS'!$A$6:$A$143,0))<>"Y"),1,0))>0,"TRANSITIONAL","")) | AG8: =IF($A8="","",IF(OR($G8="FCS",$H8="FCS"),"FCS OPP","")) | AH8: =IF($A8="","",IF(CLEAN!$M8>1,"DUP GAMEID; ","")&IF(OR($G8="BLOCK",$H8="BLOCK"),"TEAM NOT FOUND; ","")&IF(AND($G8="FBS",$I8=""),"AWAY RATING MISSING; ","")&IF(AND($H8="FBS",$J8=""),"HOME RATING MISSING; ","")&IF(AND(CALC!$L8<>"",CALC!$M8<>"",CALC!$N8=""),"INVALID FAVORITE; ","")&IF(CALC!$R8=1,"DUPLICATE MARKET ROW; ","")&IF(COUNTIFS(ADJUSTMENTS!$A$6:$A$255,"MARGIN OVERRIDE",ADJUSTMENTS!$B$6:$B$255,$A8,ADJUSTMENTS!$J$6:$J$255,1)>1,"DUPLICATE OVERRIDE; ","")) | AI8: =IF($A8="","",IF($AH8<>"","BLOCKED",IF($AG8<>"","FCS — NO PLAY",IF(CALC!$S8=1,"PENDING LINE",IF(CALC!$Q8=1,"STALE LINE",IF($AE8="QB UNCERTAIN","QB UNCERTAIN",IF($AF8<>"","TRANSITION UNCERTAIN",IF(OR($B8="",$C8=""),"DATA INCOMPLETE","READY")))))))) | AJ8: =IF(OR($AI8="",$AI8="BLOCKED",$AI8="PENDING LINE",$AI8="FCS — NO PLAY"),"",MAX(1,MIN(5,3-IF(CALC!$Z8<SETTINGS!$B$24,1,0)-IF($AE8="QB UNCERTAIN",1,0)-IF($AF8<>"",1,0)-IF($AG8<>"",1,0)+IF(CALC!$Z8>=6,1,0)))) | AK8: =IF($A8="","",IF(ISNUMBER($Q8),"MARGIN OVR; ","")&IF($G8<>"FBS","",IF(INDEX('TEAM RATINGS'!$P$6:$P$143,MATCH(CLEAN!$N8,'TEAM RATINGS'!$A$6:$A$143,0))="OVERRIDE","AWAY RATING OVR; ",""))&IF($H8<>"FBS","",IF(INDEX('TEAM RATINGS'!$P$6:$P$143,MATCH(CLEAN!$P8,'TEAM RATINGS'!$A$6:$A$143,0))="OVERRIDE","HOME RATING OVR; ","")))
A9: =IF(CLEAN!$A9="","",CLEAN!$A9) | B9: =IF($A9="","",CLEAN!$C9) | C9: =IF($A9="","",CLEAN!$D9) | D9: =IF($A9="","",CLEAN!$AF9) | E9: =IF($A9="","",CLEAN!$AG9) | F9: =IF($A9="","",CLEAN!$E9) | G9: =IF($A9="","",CLEAN!$O9) | H9: =IF($A9="","",CLEAN!$Q9) | I9: =IF($A9="","",IF($G9="FCS",IF(CLEAN!$R9="","",CLEAN!$R9),IF($G9="FBS",IF(ISNA(MATCH(CLEAN!$N9,'TEAM RATINGS'!$A$6:$A$143,0)),"",IF(INDEX('TEAM RATINGS'!$O$6:$O$143,MATCH(CLEAN!$N9,'TEAM RATINGS'!$A$6:$A$143,0))="","",INDEX('TEAM RATINGS'!$O$6:$O$143,MATCH(CLEAN!$N9,'TEAM RATINGS'!$A$6:$A$143,0)))),""))) | J9: =IF($A9="","",IF($H9="FCS",IF(CLEAN!$S9="","",CLEAN!$S9),IF($H9="FBS",IF(ISNA(MATCH(CLEAN!$P9,'TEAM RATINGS'!$A$6:$A$143,0)),"",IF(INDEX('TEAM RATINGS'!$O$6:$O$143,MATCH(CLEAN!$P9,'TEAM RATINGS'!$A$6:$A$143,0))="","",INDEX('TEAM RATINGS'!$O$6:$O$143,MATCH(CLEAN!$P9,'TEAM RATINGS'!$A$6:$A$143,0)))),""))) | K9: =IF(OR($I9="",$J9=""),"",$J9-$I9) | L9: =IF($A9="","",IF($F9=1,SETTINGS!$B$7,IF($H9<>"FBS",SETTINGS!$B$6,IF(ISNA(MATCH(CLEAN!$P9,'TEAM RATINGS'!$A$6:$A$143,0)),SETTINGS!$B$6,INDEX('TEAM RATINGS'!$S$6:$S$143,MATCH(CLEAN!$P9,'TEAM RATINGS'!$A$6:$A$143,0)))))) | M9: =IF($A9="","",IF($H9<>"FBS",0,IF(ISNA(MATCH(CLEAN!$P9,'QB VALUES'!$A$6:$A$143,0)),0,IF(INDEX('QB VALUES'!$G$6:$G$143,MATCH(CLEAN!$P9,'QB VALUES'!$A$6:$A$143,0))="",0,INDEX('QB VALUES'!$G$6:$G$143,MATCH(CLEAN!$P9,'QB VALUES'!$A$6:$A$143,0)))))-IF($G9<>"FBS",0,IF(ISNA(MATCH(CLEAN!$N9,'QB VALUES'!$A$6:$A$143,0)),0,IF(INDEX('QB VALUES'!$G$6:$G$143,MATCH(CLEAN!$N9,'QB VALUES'!$A$6:$A$143,0))="",0,INDEX('QB VALUES'!$G$6:$G$143,MATCH(CLEAN!$N9,'QB VALUES'!$A$6:$A$143,0)))))) | N9: =IF($A9="","",SUMIFS(ADJUSTMENTS!$C$6:$C$255,ADJUSTMENTS!$A$6:$A$255,"TRAVEL/REST",ADJUSTMENTS!$B$6:$B$255,$A9,ADJUSTMENTS!$J$6:$J$255,1)) | O9: =IF($A9="","",SUMIFS(ADJUSTMENTS!$C$6:$C$255,ADJUSTMENTS!$A$6:$A$255,"GAME",ADJUSTMENTS!$B$6:$B$255,$A9,ADJUSTMENTS!$J$6:$J$255,1)+SUMIFS(ADJUSTMENTS!$C$6:$C$255,ADJUSTMENTS!$A$6:$A$255,"INJURY",ADJUSTMENTS!$B$6:$B$255,$A9,ADJUSTMENTS!$J$6:$J$255,1)+SUMIFS(ADJUSTMENTS!$C$6:$C$255,ADJUSTMENTS!$A$6:$A$255,"WEATHER",ADJUSTMENTS!$B$6:$B$255,$A9,ADJUSTMENTS!$J$6:$J$255,1)+SUMIFS(ADJUSTMENTS!$C$6:$C$255,ADJUSTMENTS!$A$6:$A$255,"QB",ADJUSTMENTS!$B$6:$B$255,$A9,ADJUSTMENTS!$J$6:$J$255,1)+IF(CLEAN!$P9="",0,SUMIFS(ADJUSTMENTS!$C$6:$C$255,ADJUSTMENTS!$A$6:$A$255,"TEAM TEMP",ADJUSTMENTS!$B$6:$B$255,CLEAN!$P9,ADJUSTMENTS!$J$6:$J$255,1))-IF(CLEAN!$N9="",0,SUMIFS(ADJUSTMENTS!$C$6:$C$255,ADJUSTMENTS!$A$6:$A$255,"TEAM TEMP",ADJUSTMENTS!$B$6:$B$255,CLEAN!$N9,ADJUSTMENTS!$J$6:$J$255,1))) | P9: =IF($K9="","",$K9+$L9+$M9+$N9+$O9) | Q9: =IF($A9="","",IF(COUNTIFS(ADJUSTMENTS!$A$6:$A$255,"MARGIN OVERRIDE",ADJUSTMENTS!$B$6:$B$255,$A9,ADJUSTMENTS!$J$6:$J$255,1)=1,SUMIFS(ADJUSTMENTS!$C$6:$C$255,ADJUSTMENTS!$A$6:$A$255,"MARGIN OVERRIDE",ADJUSTMENTS!$B$6:$B$255,$A9,ADJUSTMENTS!$J$6:$J$255,1),"")) | R9: =IF($A9="","",IF(ISNUMBER($Q9),$Q9,IF($P9="","",$P9))) | S9: =IF(OR($A9="",$R9=""),"",IF($R9>0,$E9&" -"&TEXT(ABS($R9),"0.0"),IF($R9<0,$D9&" -"&TEXT(ABS($R9),"0.0"),"PICK"))) | T9: =IF($A9="","",CALC!$N9) | V9: =IF(OR($R9="",$T9=""),"",$R9+$T9) | W9: =IF($V9="","",IF($V9>0,$E9,$D9)) | X9: =IF(OR($V9="",$AI9="BLOCKED",$AI9="PENDING LINE",$AI9="STALE LINE"),"",IF(ABS($V9)<SETTINGS!$B$8,"",IF(ABS($V9)<SETTINGS!$B$9,"LEAN",IF(OR(ABS($V9)<SETTINGS!$B$10,SETTINGS!$B$11<>"Y",$AI9<>"READY",$AF9<>"",$AG9<>""),"INVESTIGATE","BET")))) | Y9: =IF(OR($A9="",SETTINGS!$B$22="",SETTINGS!$B$23="",$G9<>"FBS",$H9<>"FBS",CALC!$T9="",CALC!$U9="",CALC!$V9="",CALC!$W9=""),"",SETTINGS!$B$22+(CALC!$T9+CALC!$V9-CALC!$U9-CALC!$W9)*SETTINGS!$B$23) | Z9: =IF($A9="","",CALC!$O9) | AA9: =IF(OR($Y9="",$Z9=""),"",$Y9-$Z9) | AB9: =IF($AA9="","",IF(ABS($AA9)<SETTINGS!$B$8*2,"",IF(ABS($AA9)<SETTINGS!$B$9*2,"LEAN",IF(OR(SETTINGS!$B$11<>"Y",$AI9<>"READY",ABS($AA9)<SETTINGS!$B$10*2,$AF9<>"",$AG9<>""),"INVESTIGATE","BET")))) | AC9: =IF(OR($Y9="",$R9=""),"",($Y9+$R9)/2) | AD9: =IF(OR($Y9="",$R9=""),"",($Y9-$R9)/2) | AE9: =IF($A9="","",IF(OR(IF($G9<>"FBS",FALSE(),IF(ISNA(MATCH(CLEAN!$N9,'QB VALUES'!$A$6:$A$143,0)),TRUE(),INDEX('QB VALUES'!$M$6:$M$143,MATCH(CLEAN!$N9,'QB VALUES'!$A$6:$A$143,0))="UNCERTAIN")),IF($H9<>"FBS",FALSE(),IF(ISNA(MATCH(CLEAN!$P9,'QB VALUES'!$A$6:$A$143,0)),TRUE(),INDEX('QB VALUES'!$M$6:$M$143,MATCH(CLEAN!$P9,'QB VALUES'!$A$6:$A$143,0))="UNCERTAIN"))),"QB UNCERTAIN","OK")) | AF9: =IF($A9="","",IF(IF($G9<>"FBS",0,IF(AND(INDEX('TEAM RATINGS'!$D$6:$D$143,MATCH(CLEAN!$N9,'TEAM RATINGS'!$A$6:$A$143,0))="Y",INDEX('TEAM RATINGS'!$X$6:$X$143,MATCH(CLEAN!$N9,'TEAM RATINGS'!$A$6:$A$143,0))<>"Y"),1,0))+IF($H9<>"FBS",0,IF(AND(INDEX('TEAM RATINGS'!$D$6:$D$143,MATCH(CLEAN!$P9,'TEAM RATINGS'!$A$6:$A$143,0))="Y",INDEX('TEAM RATINGS'!$X$6:$X$143,MATCH(CLEAN!$P9,'TEAM RATINGS'!$A$6:$A$143,0))<>"Y"),1,0))>0,"TRANSITIONAL","")) | AG9: =IF($A9="","",IF(OR($G9="FCS",$H9="FCS"),"FCS OPP","")) | AH9: =IF($A9="","",IF(CLEAN!$M9>1,"DUP GAMEID; ","")&IF(OR($G9="BLOCK",$H9="BLOCK"),"TEAM NOT FOUND; ","")&IF(AND($G9="FBS",$I9=""),"AWAY RATING MISSING; ","")&IF(AND($H9="FBS",$J9=""),"HOME RATING MISSING; ","")&IF(AND(CALC!$L9<>"",CALC!$M9<>"",CALC!$N9=""),"INVALID FAVORITE; ","")&IF(CALC!$R9=1,"DUPLICATE MARKET ROW; ","")&IF(COUNTIFS(ADJUSTMENTS!$A$6:$A$255,"MARGIN OVERRIDE",ADJUSTMENTS!$B$6:$B$255,$A9,ADJUSTMENTS!$J$6:$J$255,1)>1,"DUPLICATE OVERRIDE; ","")) | AI9: =IF($A9="","",IF($AH9<>"","BLOCKED",IF($AG9<>"","FCS — NO PLAY",IF(CALC!$S9=1,"PENDING LINE",IF(CALC!$Q9=1,"STALE LINE",IF($AE9="QB UNCERTAIN","QB UNCERTAIN",IF($AF9<>"","TRANSITION UNCERTAIN",IF(OR($B9="",$C9=""),"DATA INCOMPLETE","READY")))))))) | AJ9: =IF(OR($AI9="",$AI9="BLOCKED",$AI9="PENDING LINE",$AI9="FCS — NO PLAY"),"",MAX(1,MIN(5,3-IF(CALC!$Z9<SETTINGS!$B$24,1,0)-IF($AE9="QB UNCERTAIN",1,0)-IF($AF9<>"",1,0)-IF($AG9<>"",1,0)+IF(CALC!$Z9>=6,1,0)))) | AK9: =IF($A9="","",IF(ISNUMBER($Q9),"MARGIN OVR; ","")&IF($G9<>"FBS","",IF(INDEX('TEAM RATINGS'!$P$6:$P$143,MATCH(CLEAN!$N9,'TEAM RATINGS'!$A$6:$A$143,0))="OVERRIDE","AWAY RATING OVR; ",""))&IF($H9<>"FBS","",IF(INDEX('TEAM RATINGS'!$P$6:$P$143,MATCH(CLEAN!$P9,'TEAM RATINGS'!$A$6:$A$143,0))="OVERRIDE","HOME RATING OVR; ","")))
A10: =IF(CLEAN!$A10="","",CLEAN!$A10) | B10: =IF($A10="","",CLEAN!$C10) | C10: =IF($A10="","",CLEAN!$D10) | D10: =IF($A10="","",CLEAN!$AF10) | E10: =IF($A10="","",CLEAN!$AG10) | F10: =IF($A10="","",CLEAN!$E10) | G10: =IF($A10="","",CLEAN!$O10) | H10: =IF($A10="","",CLEAN!$Q10) | I10: =IF($A10="","",IF($G10="FCS",IF(CLEAN!$R10="","",CLEAN!$R10),IF($G10="FBS",IF(ISNA(MATCH(CLEAN!$N10,'TEAM RATINGS'!$A$6:$A$143,0)),"",IF(INDEX('TEAM RATINGS'!$O$6:$O$143,MATCH(CLEAN!$N10,'TEAM RATINGS'!$A$6:$A$143,0))="","",INDEX('TEAM RATINGS'!$O$6:$O$143,MATCH(CLEAN!$N10,'TEAM RATINGS'!$A$6:$A$143,0)))),""))) | J10: =IF($A10="","",IF($H10="FCS",IF(CLEAN!$S10="","",CLEAN!$S10),IF($H10="FBS",IF(ISNA(MATCH(CLEAN!$P10,'TEAM RATINGS'!$A$6:$A$143,0)),"",IF(INDEX('TEAM RATINGS'!$O$6:$O$143,MATCH(CLEAN!$P10,'TEAM RATINGS'!$A$6:$A$143,0))="","",INDEX('TEAM RATINGS'!$O$6:$O$143,MATCH(CLEAN!$P10,'TEAM RATINGS'!$A$6:$A$143,0)))),""))) | K10: =IF(OR($I10="",$J10=""),"",$J10-$I10) | L10: =IF($A10="","",IF($F10=1,SETTINGS!$B$7,IF($H10<>"FBS",SETTINGS!$B$6,IF(ISNA(MATCH(CLEAN!$P10,'TEAM RATINGS'!$A$6:$A$143,0)),SETTINGS!$B$6,INDEX('TEAM RATINGS'!$S$6:$S$143,MATCH(CLEAN!$P10,'TEAM RATINGS'!$A$6:$A$143,0)))))) | M10: =IF($A10="","",IF($H10<>"FBS",0,IF(ISNA(MATCH(CLEAN!$P10,'QB VALUES'!$A$6:$A$143,0)),0,IF(INDEX('QB VALUES'!$G$6:$G$143,MATCH(CLEAN!$P10,'QB VALUES'!$A$6:$A$143,0))="",0,INDEX('QB VALUES'!$G$6:$G$143,MATCH(CLEAN!$P10,'QB VALUES'!$A$6:$A$143,0)))))-IF($G10<>"FBS",0,IF(ISNA(MATCH(CLEAN!$N10,'QB VALUES'!$A$6:$A$143,0)),0,IF(INDEX('QB VALUES'!$G$6:$G$143,MATCH(CLEAN!$N10,'QB VALUES'!$A$6:$A$143,0))="",0,INDEX('QB VALUES'!$G$6:$G$143,MATCH(CLEAN!$N10,'QB VALUES'!$A$6:$A$143,0)))))) | N10: =IF($A10="","",SUMIFS(ADJUSTMENTS!$C$6:$C$255,ADJUSTMENTS!$A$6:$A$255,"TRAVEL/REST",ADJUSTMENTS!$B$6:$B$255,$A10,ADJUSTMENTS!$J$6:$J$255,1)) | O10: =IF($A10="","",SUMIFS(ADJUSTMENTS!$C$6:$C$255,ADJUSTMENTS!$A$6:$A$255,"GAME",ADJUSTMENTS!$B$6:$B$255,$A10,ADJUSTMENTS!$J$6:$J$255,1)+SUMIFS(ADJUSTMENTS!$C$6:$C$255,ADJUSTMENTS!$A$6:$A$255,"INJURY",ADJUSTMENTS!$B$6:$B$255,$A10,ADJUSTMENTS!$J$6:$J$255,1)+SUMIFS(ADJUSTMENTS!$C$6:$C$255,ADJUSTMENTS!$A$6:$A$255,"WEATHER",ADJUSTMENTS!$B$6:$B$255,$A10,ADJUSTMENTS!$J$6:$J$255,1)+SUMIFS(ADJUSTMENTS!$C$6:$C$255,ADJUSTMENTS!$A$6:$A$255,"QB",ADJUSTMENTS!$B$6:$B$255,$A10,ADJUSTMENTS!$J$6:$J$255,1)+IF(CLEAN!$P10="",0,SUMIFS(ADJUSTMENTS!$C$6:$C$255,ADJUSTMENTS!$A$6:$A$255,"TEAM TEMP",ADJUSTMENTS!$B$6:$B$255,CLEAN!$P10,ADJUSTMENTS!$J$6:$J$255,1))-IF(CLEAN!$N10="",0,SUMIFS(ADJUSTMENTS!$C$6:$C$255,ADJUSTMENTS!$A$6:$A$255,"TEAM TEMP",ADJUSTMENTS!$B$6:$B$255,CLEAN!$N10,ADJUSTMENTS!$J$6:$J$255,1))) | P10: =IF($K10="","",$K10+$L10+$M10+$N10+$O10) | Q10: =IF($A10="","",IF(COUNTIFS(ADJUSTMENTS!$A$6:$A$255,"MARGIN OVERRIDE",ADJUSTMENTS!$B$6:$B$255,$A10,ADJUSTMENTS!$J$6:$J$255,1)=1,SUMIFS(ADJUSTMENTS!$C$6:$C$255,ADJUSTMENTS!$A$6:$A$255,"MARGIN OVERRIDE",ADJUSTMENTS!$B$6:$B$255,$A10,ADJUSTMENTS!$J$6:$J$255,1),"")) | R10: =IF($A10="","",IF(ISNUMBER($Q10),$Q10,IF($P10="","",$P10))) | S10: =IF(OR($A10="",$R10=""),"",IF($R10>0,$E10&" -"&TEXT(ABS($R10),"0.0"),IF($R10<0,$D10&" -"&TEXT(ABS($R10),"0.0"),"PICK"))) | T10: =IF($A10="","",CALC!$N10) | V10: =IF(OR($R10="",$T10=""),"",$R10+$T10) | W10: =IF($V10="","",IF($V10>0,$E10,$D10)) | X10: =IF(OR($V10="",$AI10="BLOCKED",$AI10="PENDING LINE",$AI10="STALE LINE"),"",IF(ABS($V10)<SETTINGS!$B$8,"",IF(ABS($V10)<SETTINGS!$B$9,"LEAN",IF(OR(ABS($V10)<SETTINGS!$B$10,SETTINGS!$B$11<>"Y",$AI10<>"READY",$AF10<>"",$AG10<>""),"INVESTIGATE","BET")))) | Y10: =IF(OR($A10="",SETTINGS!$B$22="",SETTINGS!$B$23="",$G10<>"FBS",$H10<>"FBS",CALC!$T10="",CALC!$U10="",CALC!$V10="",CALC!$W10=""),"",SETTINGS!$B$22+(CALC!$T10+CALC!$V10-CALC!$U10-CALC!$W10)*SETTINGS!$B$23) | Z10: =IF($A10="","",CALC!$O10) | AA10: =IF(OR($Y10="",$Z10=""),"",$Y10-$Z10) | AB10: =IF($AA10="","",IF(ABS($AA10)<SETTINGS!$B$8*2,"",IF(ABS($AA10)<SETTINGS!$B$9*2,"LEAN",IF(OR(SETTINGS!$B$11<>"Y",$AI10<>"READY",ABS($AA10)<SETTINGS!$B$10*2,$AF10<>"",$AG10<>""),"INVESTIGATE","BET")))) | AC10: =IF(OR($Y10="",$R10=""),"",($Y10+$R10)/2) | AD10: =IF(OR($Y10="",$R10=""),"",($Y10-$R10)/2) | AE10: =IF($A10="","",IF(OR(IF($G10<>"FBS",FALSE(),IF(ISNA(MATCH(CLEAN!$N10,'QB VALUES'!$A$6:$A$143,0)),TRUE(),INDEX('QB VALUES'!$M$6:$M$143,MATCH(CLEAN!$N10,'QB VALUES'!$A$6:$A$143,0))="UNCERTAIN")),IF($H10<>"FBS",FALSE(),IF(ISNA(MATCH(CLEAN!$P10,'QB VALUES'!$A$6:$A$143,0)),TRUE(),INDEX('QB VALUES'!$M$6:$M$143,MATCH(CLEAN!$P10,'QB VALUES'!$A$6:$A$143,0))="UNCERTAIN"))),"QB UNCERTAIN","OK")) | AF10: =IF($A10="","",IF(IF($G10<>"FBS",0,IF(AND(INDEX('TEAM RATINGS'!$D$6:$D$143,MATCH(CLEAN!$N10,'TEAM RATINGS'!$A$6:$A$143,0))="Y",INDEX('TEAM RATINGS'!$X$6:$X$143,MATCH(CLEAN!$N10,'TEAM RATINGS'!$A$6:$A$143,0))<>"Y"),1,0))+IF($H10<>"FBS",0,IF(AND(INDEX('TEAM RATINGS'!$D$6:$D$143,MATCH(CLEAN!$P10,'TEAM RATINGS'!$A$6:$A$143,0))="Y",INDEX('TEAM RATINGS'!$X$6:$X$143,MATCH(CLEAN!$P10,'TEAM RATINGS'!$A$6:$A$143,0))<>"Y"),1,0))>0,"TRANSITIONAL","")) | AG10: =IF($A10="","",IF(OR($G10="FCS",$H10="FCS"),"FCS OPP","")) | AH10: =IF($A10="","",IF(CLEAN!$M10>1,"DUP GAMEID; ","")&IF(OR($G10="BLOCK",$H10="BLOCK"),"TEAM NOT FOUND; ","")&IF(AND($G10="FBS",$I10=""),"AWAY RATING MISSING; ","")&IF(AND($H10="FBS",$J10=""),"HOME RATING MISSING; ","")&IF(AND(CALC!$L10<>"",CALC!$M10<>"",CALC!$N10=""),"INVALID FAVORITE; ","")&IF(CALC!$R10=1,"DUPLICATE MARKET ROW; ","")&IF(COUNTIFS(ADJUSTMENTS!$A$6:$A$255,"MARGIN OVERRIDE",ADJUSTMENTS!$B$6:$B$255,$A10,ADJUSTMENTS!$J$6:$J$255,1)>1,"DUPLICATE OVERRIDE; ","")) | AI10: =IF($A10="","",IF($AH10<>"","BLOCKED",IF($AG10<>"","FCS — NO PLAY",IF(CALC!$S10=1,"PENDING LINE",IF(CALC!$Q10=1,"STALE LINE",IF($AE10="QB UNCERTAIN","QB UNCERTAIN",IF($AF10<>"","TRANSITION UNCERTAIN",IF(OR($B10="",$C10=""),"DATA INCOMPLETE","READY")))))))) | AJ10: =IF(OR($AI10="",$AI10="BLOCKED",$AI10="PENDING LINE",$AI10="FCS — NO PLAY"),"",MAX(1,MIN(5,3-IF(CALC!$Z10<SETTINGS!$B$24,1,0)-IF($AE10="QB UNCERTAIN",1,0)-IF($AF10<>"",1,0)-IF($AG10<>"",1,0)+IF(CALC!$Z10>=6,1,0)))) | AK10: =IF($A10="","",IF(ISNUMBER($Q10),"MARGIN OVR; ","")&IF($G10<>"FBS","",IF(INDEX('TEAM RATINGS'!$P$6:$P$143,MATCH(CLEAN!$N10,'TEAM RATINGS'!$A$6:$A$143,0))="OVERRIDE","AWAY RATING OVR; ",""))&IF($H10<>"FBS","",IF(INDEX('TEAM RATINGS'!$P$6:$P$143,MATCH(CLEAN!$P10,'TEAM RATINGS'!$A$6:$A$143,0))="OVERRIDE","HOME RATING OVR; ","")))
A11: =IF(CLEAN!$A11="","",CLEAN!$A11) | B11: =IF($A11="","",CLEAN!$C11) | C11: =IF($A11="","",CLEAN!$D11) | D11: =IF($A11="","",CLEAN!$AF11) | E11: =IF($A11="","",CLEAN!$AG11) | F11: =IF($A11="","",CLEAN!$E11) | G11: =IF($A11="","",CLEAN!$O11) | H11: =IF($A11="","",CLEAN!$Q11) | I11: =IF($A11="","",IF($G11="FCS",IF(CLEAN!$R11="","",CLEAN!$R11),IF($G11="FBS",IF(ISNA(MATCH(CLEAN!$N11,'TEAM RATINGS'!$A$6:$A$143,0)),"",IF(INDEX('TEAM RATINGS'!$O$6:$O$143,MATCH(CLEAN!$N11,'TEAM RATINGS'!$A$6:$A$143,0))="","",INDEX('TEAM RATINGS'!$O$6:$O$143,MATCH(CLEAN!$N11,'TEAM RATINGS'!$A$6:$A$143,0)))),""))) | J11: =IF($A11="","",IF($H11="FCS",IF(CLEAN!$S11="","",CLEAN!$S11),IF($H11="FBS",IF(ISNA(MATCH(CLEAN!$P11,'TEAM RATINGS'!$A$6:$A$143,0)),"",IF(INDEX('TEAM RATINGS'!$O$6:$O$143,MATCH(CLEAN!$P11,'TEAM RATINGS'!$A$6:$A$143,0))="","",INDEX('TEAM RATINGS'!$O$6:$O$143,MATCH(CLEAN!$P11,'TEAM RATINGS'!$A$6:$A$143,0)))),""))) | K11: =IF(OR($I11="",$J11=""),"",$J11-$I11) | L11: =IF($A11="","",IF($F11=1,SETTINGS!$B$7,IF($H11<>"FBS",SETTINGS!$B$6,IF(ISNA(MATCH(CLEAN!$P11,'TEAM RATINGS'!$A$6:$A$143,0)),SETTINGS!$B$6,INDEX('TEAM RATINGS'!$S$6:$S$143,MATCH(CLEAN!$P11,'TEAM RATINGS'!$A$6:$A$143,0)))))) | M11: =IF($A11="","",IF($H11<>"FBS",0,IF(ISNA(MATCH(CLEAN!$P11,'QB VALUES'!$A$6:$A$143,0)),0,IF(INDEX('QB VALUES'!$G$6:$G$143,MATCH(CLEAN!$P11,'QB VALUES'!$A$6:$A$143,0))="",0,INDEX('QB VALUES'!$G$6:$G$143,MATCH(CLEAN!$P11,'QB VALUES'!$A$6:$A$143,0)))))-IF($G11<>"FBS",0,IF(ISNA(MATCH(CLEAN!$N11,'QB VALUES'!$A$6:$A$143,0)),0,IF(INDEX('QB VALUES'!$G$6:$G$143,MATCH(CLEAN!$N11,'QB VALUES'!$A$6:$A$143,0))="",0,INDEX('QB VALUES'!$G$6:$G$143,MATCH(CLEAN!$N11,'QB VALUES'!$A$6:$A$143,0)))))) | N11: =IF($A11="","",SUMIFS(ADJUSTMENTS!$C$6:$C$255,ADJUSTMENTS!$A$6:$A$255,"TRAVEL/REST",ADJUSTMENTS!$B$6:$B$255,$A11,ADJUSTMENTS!$J$6:$J$255,1)) | O11: =IF($A11="","",SUMIFS(ADJUSTMENTS!$C$6:$C$255,ADJUSTMENTS!$A$6:$A$255,"GAME",ADJUSTMENTS!$B$6:$B$255,$A11,ADJUSTMENTS!$J$6:$J$255,1)+SUMIFS(ADJUSTMENTS!$C$6:$C$255,ADJUSTMENTS!$A$6:$A$255,"INJURY",ADJUSTMENTS!$B$6:$B$255,$A11,ADJUSTMENTS!$J$6:$J$255,1)+SUMIFS(ADJUSTMENTS!$C$6:$C$255,ADJUSTMENTS!$A$6:$A$255,"WEATHER",ADJUSTMENTS!$B$6:$B$255,$A11,ADJUSTMENTS!$J$6:$J$255,1)+SUMIFS(ADJUSTMENTS!$C$6:$C$255,ADJUSTMENTS!$A$6:$A$255,"QB",ADJUSTMENTS!$B$6:$B$255,$A11,ADJUSTMENTS!$J$6:$J$255,1)+IF(CLEAN!$P11="",0,SUMIFS(ADJUSTMENTS!$C$6:$C$255,ADJUSTMENTS!$A$6:$A$255,"TEAM TEMP",ADJUSTMENTS!$B$6:$B$255,CLEAN!$P11,ADJUSTMENTS!$J$6:$J$255,1))-IF(CLEAN!$N11="",0,SUMIFS(ADJUSTMENTS!$C$6:$C$255,ADJUSTMENTS!$A$6:$A$255,"TEAM TEMP",ADJUSTMENTS!$B$6:$B$255,CLEAN!$N11,ADJUSTMENTS!$J$6:$J$255,1))) | P11: =IF($K11="","",$K11+$L11+$M11+$N11+$O11) | Q11: =IF($A11="","",IF(COUNTIFS(ADJUSTMENTS!$A$6:$A$255,"MARGIN OVERRIDE",ADJUSTMENTS!$B$6:$B$255,$A11,ADJUSTMENTS!$J$6:$J$255,1)=1,SUMIFS(ADJUSTMENTS!$C$6:$C$255,ADJUSTMENTS!$A$6:$A$255,"MARGIN OVERRIDE",ADJUSTMENTS!$B$6:$B$255,$A11,ADJUSTMENTS!$J$6:$J$255,1),"")) | R11: =IF($A11="","",IF(ISNUMBER($Q11),$Q11,IF($P11="","",$P11))) | S11: =IF(OR($A11="",$R11=""),"",IF($R11>0,$E11&" -"&TEXT(ABS($R11),"0.0"),IF($R11<0,$D11&" -"&TEXT(ABS($R11),"0.0"),"PICK"))) | T11: =IF($A11="","",CALC!$N11) | V11: =IF(OR($R11="",$T11=""),"",$R11+$T11) | W11: =IF($V11="","",IF($V11>0,$E11,$D11)) | X11: =IF(OR($V11="",$AI11="BLOCKED",$AI11="PENDING LINE",$AI11="STALE LINE"),"",IF(ABS($V11)<SETTINGS!$B$8,"",IF(ABS($V11)<SETTINGS!$B$9,"LEAN",IF(OR(ABS($V11)<SETTINGS!$B$10,SETTINGS!$B$11<>"Y",$AI11<>"READY",$AF11<>"",$AG11<>""),"INVESTIGATE","BET")))) | Y11: =IF(OR($A11="",SETTINGS!$B$22="",SETTINGS!$B$23="",$G11<>"FBS",$H11<>"FBS",CALC!$T11="",CALC!$U11="",CALC!$V11="",CALC!$W11=""),"",SETTINGS!$B$22+(CALC!$T11+CALC!$V11-CALC!$U11-CALC!$W11)*SETTINGS!$B$23) | Z11: =IF($A11="","",CALC!$O11) | AA11: =IF(OR($Y11="",$Z11=""),"",$Y11-$Z11) | AB11: =IF($AA11="","",IF(ABS($AA11)<SETTINGS!$B$8*2,"",IF(ABS($AA11)<SETTINGS!$B$9*2,"LEAN",IF(OR(SETTINGS!$B$11<>"Y",$AI11<>"READY",ABS($AA11)<SETTINGS!$B$10*2,$AF11<>"",$AG11<>""),"INVESTIGATE","BET")))) | AC11: =IF(OR($Y11="",$R11=""),"",($Y11+$R11)/2) | AD11: =IF(OR($Y11="",$R11=""),"",($Y11-$R11)/2) | AE11: =IF($A11="","",IF(OR(IF($G11<>"FBS",FALSE(),IF(ISNA(MATCH(CLEAN!$N11,'QB VALUES'!$A$6:$A$143,0)),TRUE(),INDEX('QB VALUES'!$M$6:$M$143,MATCH(CLEAN!$N11,'QB VALUES'!$A$6:$A$143,0))="UNCERTAIN")),IF($H11<>"FBS",FALSE(),IF(ISNA(MATCH(CLEAN!$P11,'QB VALUES'!$A$6:$A$143,0)),TRUE(),INDEX('QB VALUES'!$M$6:$M$143,MATCH(CLEAN!$P11,'QB VALUES'!$A$6:$A$143,0))="UNCERTAIN"))),"QB UNCERTAIN","OK")) | AF11: =IF($A11="","",IF(IF($G11<>"FBS",0,IF(AND(INDEX('TEAM RATINGS'!$D$6:$D$143,MATCH(CLEAN!$N11,'TEAM RATINGS'!$A$6:$A$143,0))="Y",INDEX('TEAM RATINGS'!$X$6:$X$143,MATCH(CLEAN!$N11,'TEAM RATINGS'!$A$6:$A$143,0))<>"Y"),1,0))+IF($H11<>"FBS",0,IF(AND(INDEX('TEAM RATINGS'!$D$6:$D$143,MATCH(CLEAN!$P11,'TEAM RATINGS'!$A$6:$A$143,0))="Y",INDEX('TEAM RATINGS'!$X$6:$X$143,MATCH(CLEAN!$P11,'TEAM RATINGS'!$A$6:$A$143,0))<>"Y"),1,0))>0,"TRANSITIONAL","")) | AG11: =IF($A11="","",IF(OR($G11="FCS",$H11="FCS"),"FCS OPP","")) | AH11: =IF($A11="","",IF(CLEAN!$M11>1,"DUP GAMEID; ","")&IF(OR($G11="BLOCK",$H11="BLOCK"),"TEAM NOT FOUND; ","")&IF(AND($G11="FBS",$I11=""),"AWAY RATING MISSING; ","")&IF(AND($H11="FBS",$J11=""),"HOME RATING MISSING; ","")&IF(AND(CALC!$L11<>"",CALC!$M11<>"",CALC!$N11=""),"INVALID FAVORITE; ","")&IF(CALC!$R11=1,"DUPLICATE MARKET ROW; ","")&IF(COUNTIFS(ADJUSTMENTS!$A$6:$A$255,"MARGIN OVERRIDE",ADJUSTMENTS!$B$6:$B$255,$A11,ADJUSTMENTS!$J$6:$J$255,1)>1,"DUPLICATE OVERRIDE; ","")) | AI11: =IF($A11="","",IF($AH11<>"","BLOCKED",IF($AG11<>"","FCS — NO PLAY",IF(CALC!$S11=1,"PENDING LINE",IF(CALC!$Q11=1,"STALE LINE",IF($AE11="QB UNCERTAIN","QB UNCERTAIN",IF($AF11<>"","TRANSITION UNCERTAIN",IF(OR($B11="",$C11=""),"DATA INCOMPLETE","READY")))))))) | AJ11: =IF(OR($AI11="",$AI11="BLOCKED",$AI11="PENDING LINE",$AI11="FCS — NO PLAY"),"",MAX(1,MIN(5,3-IF(CALC!$Z11<SETTINGS!$B$24,1,0)-IF($AE11="QB UNCERTAIN",1,0)-IF($AF11<>"",1,0)-IF($AG11<>"",1,0)+IF(CALC!$Z11>=6,1,0)))) | AK11: =IF($A11="","",IF(ISNUMBER($Q11),"MARGIN OVR; ","")&IF($G11<>"FBS","",IF(INDEX('TEAM RATINGS'!$P$6:$P$143,MATCH(CLEAN!$N11,'TEAM RATINGS'!$A$6:$A$143,0))="OVERRIDE","AWAY RATING OVR; ",""))&IF($H11<>"FBS","",IF(INDEX('TEAM RATINGS'!$P$6:$P$143,MATCH(CLEAN!$P11,'TEAM RATINGS'!$A$6:$A$143,0))="OVERRIDE","HOME RATING OVR; ","")))
A14: =IF(CLEAN!$A14="","",CLEAN!$A14) | B14: =IF($A14="","",CLEAN!$C14) | C14: =IF($A14="","",CLEAN!$D14) | D14: =IF($A14="","",CLEAN!$AF14) | E14: =IF($A14="","",CLEAN!$AG14) | F14: =IF($A14="","",CLEAN!$E14) | G14: =IF($A14="","",CLEAN!$O14) | H14: =IF($A14="","",CLEAN!$Q14) | I14: =IF($A14="","",IF($G14="FCS",IF(CLEAN!$R14="","",CLEAN!$R14),IF($G14="FBS",IF(ISNA(MATCH(CLEAN!$N14,'TEAM RATINGS'!$A$6:$A$143,0)),"",IF(INDEX('TEAM RATINGS'!$O$6:$O$143,MATCH(CLEAN!$N14,'TEAM RATINGS'!$A$6:$A$143,0))="","",INDEX('TEAM RATINGS'!$O$6:$O$143,MATCH(CLEAN!$N14,'TEAM RATINGS'!$A$6:$A$143,0)))),""))) | J14: =IF($A14="","",IF($H14="FCS",IF(CLEAN!$S14="","",CLEAN!$S14),IF($H14="FBS",IF(ISNA(MATCH(CLEAN!$P14,'TEAM RATINGS'!$A$6:$A$143,0)),"",IF(INDEX('TEAM RATINGS'!$O$6:$O$143,MATCH(CLEAN!$P14,'TEAM RATINGS'!$A$6:$A$143,0))="","",INDEX('TEAM RATINGS'!$O$6:$O$143,MATCH(CLEAN!$P14,'TEAM RATINGS'!$A$6:$A$143,0)))),""))) | K14: =IF(OR($I14="",$J14=""),"",$J14-$I14) | L14: =IF($A14="","",IF($F14=1,SETTINGS!$B$7,IF($H14<>"FBS",SETTINGS!$B$6,IF(ISNA(MATCH(CLEAN!$P14,'TEAM RATINGS'!$A$6:$A$143,0)),SETTINGS!$B$6,INDEX('TEAM RATINGS'!$S$6:$S$143,MATCH(CLEAN!$P14,'TEAM RATINGS'!$A$6:$A$143,0)))))) | M14: =IF($A14="","",IF($H14<>"FBS",0,IF(ISNA(MATCH(CLEAN!$P14,'QB VALUES'!$A$6:$A$143,0)),0,IF(INDEX('QB VALUES'!$G$6:$G$143,MATCH(CLEAN!$P14,'QB VALUES'!$A$6:$A$143,0))="",0,INDEX('QB VALUES'!$G$6:$G$143,MATCH(CLEAN!$P14,'QB VALUES'!$A$6:$A$143,0)))))-IF($G14<>"FBS",0,IF(ISNA(MATCH(CLEAN!$N14,'QB VALUES'!$A$6:$A$143,0)),0,IF(INDEX('QB VALUES'!$G$6:$G$143,MATCH(CLEAN!$N14,'QB VALUES'!$A$6:$A$143,0))="",0,INDEX('QB VALUES'!$G$6:$G$143,MATCH(CLEAN!$N14,'QB VALUES'!$A$6:$A$143,0)))))) | N14: =IF($A14="","",SUMIFS(ADJUSTMENTS!$C$6:$C$255,ADJUSTMENTS!$A$6:$A$255,"TRAVEL/REST",ADJUSTMENTS!$B$6:$B$255,$A14,ADJUSTMENTS!$J$6:$J$255,1)) | O14: =IF($A14="","",SUMIFS(ADJUSTMENTS!$C$6:$C$255,ADJUSTMENTS!$A$6:$A$255,"GAME",ADJUSTMENTS!$B$6:$B$255,$A14,ADJUSTMENTS!$J$6:$J$255,1)+SUMIFS(ADJUSTMENTS!$C$6:$C$255,ADJUSTMENTS!$A$6:$A$255,"INJURY",ADJUSTMENTS!$B$6:$B$255,$A14,ADJUSTMENTS!$J$6:$J$255,1)+SUMIFS(ADJUSTMENTS!$C$6:$C$255,ADJUSTMENTS!$A$6:$A$255,"WEATHER",ADJUSTMENTS!$B$6:$B$255,$A14,ADJUSTMENTS!$J$6:$J$255,1)+SUMIFS(ADJUSTMENTS!$C$6:$C$255,ADJUSTMENTS!$A$6:$A$255,"QB",ADJUSTMENTS!$B$6:$B$255,$A14,ADJUSTMENTS!$J$6:$J$255,1)+IF(CLEAN!$P14="",0,SUMIFS(ADJUSTMENTS!$C$6:$C$255,ADJUSTMENTS!$A$6:$A$255,"TEAM TEMP",ADJUSTMENTS!$B$6:$B$255,CLEAN!$P14,ADJUSTMENTS!$J$6:$J$255,1))-IF(CLEAN!$N14="",0,SUMIFS(ADJUSTMENTS!$C$6:$C$255,ADJUSTMENTS!$A$6:$A$255,"TEAM TEMP",ADJUSTMENTS!$B$6:$B$255,CLEAN!$N14,ADJUSTMENTS!$J$6:$J$255,1))) | P14: =IF($K14="","",$K14+$L14+$M14+$N14+$O14) | Q14: =IF($A14="","",IF(COUNTIFS(ADJUSTMENTS!$A$6:$A$255,"MARGIN OVERRIDE",ADJUSTMENTS!$B$6:$B$255,$A14,ADJUSTMENTS!$J$6:$J$255,1)=1,SUMIFS(ADJUSTMENTS!$C$6:$C$255,ADJUSTMENTS!$A$6:$A$255,"MARGIN OVERRIDE",ADJUSTMENTS!$B$6:$B$255,$A14,ADJUSTMENTS!$J$6:$J$255,1),"")) | R14: =IF($A14="","",IF(ISNUMBER($Q14),$Q14,IF($P14="","",$P14))) | S14: =IF(OR($A14="",$R14=""),"",IF($R14>0,$E14&" -"&TEXT(ABS($R14),"0.0"),IF($R14<0,$D14&" -"&TEXT(ABS($R14),"0.0"),"PICK"))) | T14: =IF($A14="","",CALC!$N14) | V14: =IF(OR($R14="",$T14=""),"",$R14+$T14) | W14: =IF($V14="","",IF($V14>0,$E14,$D14)) | X14: =IF(OR($V14="",$AI14="BLOCKED",$AI14="PENDING LINE",$AI14="STALE LINE"),"",IF(ABS($V14)<SETTINGS!$B$8,"",IF(ABS($V14)<SETTINGS!$B$9,"LEAN",IF(OR(ABS($V14)<SETTINGS!$B$10,SETTINGS!$B$11<>"Y",$AI14<>"READY",$AF14<>"",$AG14<>""),"INVESTIGATE","BET")))) | Y14: =IF(OR($A14="",SETTINGS!$B$22="",SETTINGS!$B$23="",$G14<>"FBS",$H14<>"FBS",CALC!$T14="",CALC!$U14="",CALC!$V14="",CALC!$W14=""),"",SETTINGS!$B$22+(CALC!$T14+CALC!$V14-CALC!$U14-CALC!$W14)*SETTINGS!$B$23) | Z14: =IF($A14="","",CALC!$O14) | AA14: =IF(OR($Y14="",$Z14=""),"",$Y14-$Z14) | AB14: =IF($AA14="","",IF(ABS($AA14)<SETTINGS!$B$8*2,"",IF(ABS($AA14)<SETTINGS!$B$9*2,"LEAN",IF(OR(SETTINGS!$B$11<>"Y",$AI14<>"READY",ABS($AA14)<SETTINGS!$B$10*2,$AF14<>"",$AG14<>""),"INVESTIGATE","BET")))) | AC14: =IF(OR($Y14="",$R14=""),"",($Y14+$R14)/2) | AD14: =IF(OR($Y14="",$R14=""),"",($Y14-$R14)/2) | AE14: =IF($A14="","",IF(OR(IF($G14<>"FBS",FALSE(),IF(ISNA(MATCH(CLEAN!$N14,'QB VALUES'!$A$6:$A$143,0)),TRUE(),INDEX('QB VALUES'!$M$6:$M$143,MATCH(CLEAN!$N14,'QB VALUES'!$A$6:$A$143,0))="UNCERTAIN")),IF($H14<>"FBS",FALSE(),IF(ISNA(MATCH(CLEAN!$P14,'QB VALUES'!$A$6:$A$143,0)),TRUE(),INDEX('QB VALUES'!$M$6:$M$143,MATCH(CLEAN!$P14,'QB VALUES'!$A$6:$A$143,0))="UNCERTAIN"))),"QB UNCERTAIN","OK")) | AF14: =IF($A14="","",IF(IF($G14<>"FBS",0,IF(AND(INDEX('TEAM RATINGS'!$D$6:$D$143,MATCH(CLEAN!$N14,'TEAM RATINGS'!$A$6:$A$143,0))="Y",INDEX('TEAM RATINGS'!$X$6:$X$143,MATCH(CLEAN!$N14,'TEAM RATINGS'!$A$6:$A$143,0))<>"Y"),1,0))+IF($H14<>"FBS",0,IF(AND(INDEX('TEAM RATINGS'!$D$6:$D$143,MATCH(CLEAN!$P14,'TEAM RATINGS'!$A$6:$A$143,0))="Y",INDEX('TEAM RATINGS'!$X$6:$X$143,MATCH(CLEAN!$P14,'TEAM RATINGS'!$A$6:$A$143,0))<>"Y"),1,0))>0,"TRANSITIONAL","")) | AG14: =IF($A14="","",IF(OR($G14="FCS",$H14="FCS"),"FCS OPP","")) | AH14: =IF($A14="","",IF(CLEAN!$M14>1,"DUP GAMEID; ","")&IF(OR($G14="BLOCK",$H14="BLOCK"),"TEAM NOT FOUND; ","")&IF(AND($G14="FBS",$I14=""),"AWAY RATING MISSING; ","")&IF(AND($H14="FBS",$J14=""),"HOME RATING MISSING; ","")&IF(AND(CALC!$L14<>"",CALC!$M14<>"",CALC!$N14=""),"INVALID FAVORITE; ","")&IF(CALC!$R14=1,"DUPLICATE MARKET ROW; ","")&IF(COUNTIFS(ADJUSTMENTS!$A$6:$A$255,"MARGIN OVERRIDE",ADJUSTMENTS!$B$6:$B$255,$A14,ADJUSTMENTS!$J$6:$J$255,1)>1,"DUPLICATE OVERRIDE; ","")) | AI14: =IF($A14="","",IF($AH14<>"","BLOCKED",IF($AG14<>"","FCS — NO PLAY",IF(CALC!$S14=1,"PENDING LINE",IF(CALC!$Q14=1,"STALE LINE",IF($AE14="QB UNCERTAIN","QB UNCERTAIN",IF($AF14<>"","TRANSITION UNCERTAIN",IF(OR($B14="",$C14=""),"DATA INCOMPLETE","READY")))))))) | AJ14: =IF(OR($AI14="",$AI14="BLOCKED",$AI14="PENDING LINE",$AI14="FCS — NO PLAY"),"",MAX(1,MIN(5,3-IF(CALC!$Z14<SETTINGS!$B$24,1,0)-IF($AE14="QB UNCERTAIN",1,0)-IF($AF14<>"",1,0)-IF($AG14<>"",1,0)+IF(CALC!$Z14>=6,1,0)))) | AK14: =IF($A14="","",IF(ISNUMBER($Q14),"MARGIN OVR; ","")&IF($G14<>"FBS","",IF(INDEX('TEAM RATINGS'!$P$6:$P$143,MATCH(CLEAN!$N14,'TEAM RATINGS'!$A$6:$A$143,0))="OVERRIDE","AWAY RATING OVR; ",""))&IF($H14<>"FBS","",IF(INDEX('TEAM RATINGS'!$P$6:$P$143,MATCH(CLEAN!$P14,'TEAM RATINGS'!$A$6:$A$143,0))="OVERRIDE","HOME RATING OVR; ","")))
A15: =IF(CLEAN!$A15="","",CLEAN!$A15) | B15: =IF($A15="","",CLEAN!$C15) | C15: =IF($A15="","",CLEAN!$D15) | D15: =IF($A15="","",CLEAN!$AF15) | E15: =IF($A15="","",CLEAN!$AG15) | F15: =IF($A15="","",CLEAN!$E15) | G15: =IF($A15="","",CLEAN!$O15) | H15: =IF($A15="","",CLEAN!$Q15) | I15: =IF($A15="","",IF($G15="FCS",IF(CLEAN!$R15="","",CLEAN!$R15),IF($G15="FBS",IF(ISNA(MATCH(CLEAN!$N15,'TEAM RATINGS'!$A$6:$A$143,0)),"",IF(INDEX('TEAM RATINGS'!$O$6:$O$143,MATCH(CLEAN!$N15,'TEAM RATINGS'!$A$6:$A$143,0))="","",INDEX('TEAM RATINGS'!$O$6:$O$143,MATCH(CLEAN!$N15,'TEAM RATINGS'!$A$6:$A$143,0)))),""))) | J15: =IF($A15="","",IF($H15="FCS",IF(CLEAN!$S15="","",CLEAN!$S15),IF($H15="FBS",IF(ISNA(MATCH(CLEAN!$P15,'TEAM RATINGS'!$A$6:$A$143,0)),"",IF(INDEX('TEAM RATINGS'!$O$6:$O$143,MATCH(CLEAN!$P15,'TEAM RATINGS'!$A$6:$A$143,0))="","",INDEX('TEAM RATINGS'!$O$6:$O$143,MATCH(CLEAN!$P15,'TEAM RATINGS'!$A$6:$A$143,0)))),""))) | K15: =IF(OR($I15="",$J15=""),"",$J15-$I15) | L15: =IF($A15="","",IF($F15=1,SETTINGS!$B$7,IF($H15<>"FBS",SETTINGS!$B$6,IF(ISNA(MATCH(CLEAN!$P15,'TEAM RATINGS'!$A$6:$A$143,0)),SETTINGS!$B$6,INDEX('TEAM RATINGS'!$S$6:$S$143,MATCH(CLEAN!$P15,'TEAM RATINGS'!$A$6:$A$143,0)))))) | M15: =IF($A15="","",IF($H15<>"FBS",0,IF(ISNA(MATCH(CLEAN!$P15,'QB VALUES'!$A$6:$A$143,0)),0,IF(INDEX('QB VALUES'!$G$6:$G$143,MATCH(CLEAN!$P15,'QB VALUES'!$A$6:$A$143,0))="",0,INDEX('QB VALUES'!$G$6:$G$143,MATCH(CLEAN!$P15,'QB VALUES'!$A$6:$A$143,0)))))-IF($G15<>"FBS",0,IF(ISNA(MATCH(CLEAN!$N15,'QB VALUES'!$A$6:$A$143,0)),0,IF(INDEX('QB VALUES'!$G$6:$G$143,MATCH(CLEAN!$N15,'QB VALUES'!$A$6:$A$143,0))="",0,INDEX('QB VALUES'!$G$6:$G$143,MATCH(CLEAN!$N15,'QB VALUES'!$A$6:$A$143,0)))))) | N15: =IF($A15="","",SUMIFS(ADJUSTMENTS!$C$6:$C$255,ADJUSTMENTS!$A$6:$A$255,"TRAVEL/REST",ADJUSTMENTS!$B$6:$B$255,$A15,ADJUSTMENTS!$J$6:$J$255,1)) | O15: =IF($A15="","",SUMIFS(ADJUSTMENTS!$C$6:$C$255,ADJUSTMENTS!$A$6:$A$255,"GAME",ADJUSTMENTS!$B$6:$B$255,$A15,ADJUSTMENTS!$J$6:$J$255,1)+SUMIFS(ADJUSTMENTS!$C$6:$C$255,ADJUSTMENTS!$A$6:$A$255,"INJURY",ADJUSTMENTS!$B$6:$B$255,$A15,ADJUSTMENTS!$J$6:$J$255,1)+SUMIFS(ADJUSTMENTS!$C$6:$C$255,ADJUSTMENTS!$A$6:$A$255,"WEATHER",ADJUSTMENTS!$B$6:$B$255,$A15,ADJUSTMENTS!$J$6:$J$255,1)+SUMIFS(ADJUSTMENTS!$C$6:$C$255,ADJUSTMENTS!$A$6:$A$255,"QB",ADJUSTMENTS!$B$6:$B$255,$A15,ADJUSTMENTS!$J$6:$J$255,1)+IF(CLEAN!$P15="",0,SUMIFS(ADJUSTMENTS!$C$6:$C$255,ADJUSTMENTS!$A$6:$A$255,"TEAM TEMP",ADJUSTMENTS!$B$6:$B$255,CLEAN!$P15,ADJUSTMENTS!$J$6:$J$255,1))-IF(CLEAN!$N15="",0,SUMIFS(ADJUSTMENTS!$C$6:$C$255,ADJUSTMENTS!$A$6:$A$255,"TEAM TEMP",ADJUSTMENTS!$B$6:$B$255,CLEAN!$N15,ADJUSTMENTS!$J$6:$J$255,1))) | P15: =IF($K15="","",$K15+$L15+$M15+$N15+$O15) | Q15: =IF($A15="","",IF(COUNTIFS(ADJUSTMENTS!$A$6:$A$255,"MARGIN OVERRIDE",ADJUSTMENTS!$B$6:$B$255,$A15,ADJUSTMENTS!$J$6:$J$255,1)=1,SUMIFS(ADJUSTMENTS!$C$6:$C$255,ADJUSTMENTS!$A$6:$A$255,"MARGIN OVERRIDE",ADJUSTMENTS!$B$6:$B$255,$A15,ADJUSTMENTS!$J$6:$J$255,1),"")) | R15: =IF($A15="","",IF(ISNUMBER($Q15),$Q15,IF($P15="","",$P15))) | S15: =IF(OR($A15="",$R15=""),"",IF($R15>0,$E15&" -"&TEXT(ABS($R15),"0.0"),IF($R15<0,$D15&" -"&TEXT(ABS($R15),"0.0"),"PICK"))) | T15: =IF($A15="","",CALC!$N15) | V15: =IF(OR($R15="",$T15=""),"",$R15+$T15) | W15: =IF($V15="","",IF($V15>0,$E15,$D15)) | X15: =IF(OR($V15="",$AI15="BLOCKED",$AI15="PENDING LINE",$AI15="STALE LINE"),"",IF(ABS($V15)<SETTINGS!$B$8,"",IF(ABS($V15)<SETTINGS!$B$9,"LEAN",IF(OR(ABS($V15)<SETTINGS!$B$10,SETTINGS!$B$11<>"Y",$AI15<>"READY",$AF15<>"",$AG15<>""),"INVESTIGATE","BET")))) | Y15: =IF(OR($A15="",SETTINGS!$B$22="",SETTINGS!$B$23="",$G15<>"FBS",$H15<>"FBS",CALC!$T15="",CALC!$U15="",CALC!$V15="",CALC!$W15=""),"",SETTINGS!$B$22+(CALC!$T15+CALC!$V15-CALC!$U15-CALC!$W15)*SETTINGS!$B$23) | Z15: =IF($A15="","",CALC!$O15) | AA15: =IF(OR($Y15="",$Z15=""),"",$Y15-$Z15) | AB15: =IF($AA15="","",IF(ABS($AA15)<SETTINGS!$B$8*2,"",IF(ABS($AA15)<SETTINGS!$B$9*2,"LEAN",IF(OR(SETTINGS!$B$11<>"Y",$AI15<>"READY",ABS($AA15)<SETTINGS!$B$10*2,$AF15<>"",$AG15<>""),"INVESTIGATE","BET")))) | AC15: =IF(OR($Y15="",$R15=""),"",($Y15+$R15)/2) | AD15: =IF(OR($Y15="",$R15=""),"",($Y15-$R15)/2) | AE15: =IF($A15="","",IF(OR(IF($G15<>"FBS",FALSE(),IF(ISNA(MATCH(CLEAN!$N15,'QB VALUES'!$A$6:$A$143,0)),TRUE(),INDEX('QB VALUES'!$M$6:$M$143,MATCH(CLEAN!$N15,'QB VALUES'!$A$6:$A$143,0))="UNCERTAIN")),IF($H15<>"FBS",FALSE(),IF(ISNA(MATCH(CLEAN!$P15,'QB VALUES'!$A$6:$A$143,0)),TRUE(),INDEX('QB VALUES'!$M$6:$M$143,MATCH(CLEAN!$P15,'QB VALUES'!$A$6:$A$143,0))="UNCERTAIN"))),"QB UNCERTAIN","OK")) | AF15: =IF($A15="","",IF(IF($G15<>"FBS",0,IF(AND(INDEX('TEAM RATINGS'!$D$6:$D$143,MATCH(CLEAN!$N15,'TEAM RATINGS'!$A$6:$A$143,0))="Y",INDEX('TEAM RATINGS'!$X$6:$X$143,MATCH(CLEAN!$N15,'TEAM RATINGS'!$A$6:$A$143,0))<>"Y"),1,0))+IF($H15<>"FBS",0,IF(AND(INDEX('TEAM RATINGS'!$D$6:$D$143,MATCH(CLEAN!$P15,'TEAM RATINGS'!$A$6:$A$143,0))="Y",INDEX('TEAM RATINGS'!$X$6:$X$143,MATCH(CLEAN!$P15,'TEAM RATINGS'!$A$6:$A$143,0))<>"Y"),1,0))>0,"TRANSITIONAL","")) | AG15: =IF($A15="","",IF(OR($G15="FCS",$H15="FCS"),"FCS OPP","")) | AH15: =IF($A15="","",IF(CLEAN!$M15>1,"DUP GAMEID; ","")&IF(OR($G15="BLOCK",$H15="BLOCK"),"TEAM NOT FOUND; ","")&IF(AND($G15="FBS",$I15=""),"AWAY RATING MISSING; ","")&IF(AND($H15="FBS",$J15=""),"HOME RATING MISSING; ","")&IF(AND(CALC!$L15<>"",CALC!$M15<>"",CALC!$N15=""),"INVALID FAVORITE; ","")&IF(CALC!$R15=1,"DUPLICATE MARKET ROW; ","")&IF(COUNTIFS(ADJUSTMENTS!$A$6:$A$255,"MARGIN OVERRIDE",ADJUSTMENTS!$B$6:$B$255,$A15,ADJUSTMENTS!$J$6:$J$255,1)>1,"DUPLICATE OVERRIDE; ","")) | AI15: =IF($A15="","",IF($AH15<>"","BLOCKED",IF($AG15<>"","FCS — NO PLAY",IF(CALC!$S15=1,"PENDING LINE",IF(CALC!$Q15=1,"STALE LINE",IF($AE15="QB UNCERTAIN","QB UNCERTAIN",IF($AF15<>"","TRANSITION UNCERTAIN",IF(OR($B15="",$C15=""),"DATA INCOMPLETE","READY")))))))) | AJ15: =IF(OR($AI15="",$AI15="BLOCKED",$AI15="PENDING LINE",$AI15="FCS — NO PLAY"),"",MAX(1,MIN(5,3-IF(CALC!$Z15<SETTINGS!$B$24,1,0)-IF($AE15="QB UNCERTAIN",1,0)-IF($AF15<>"",1,0)-IF($AG15<>"",1,0)+IF(CALC!$Z15>=6,1,0)))) | AK15: =IF($A15="","",IF(ISNUMBER($Q15),"MARGIN OVR; ","")&IF($G15<>"FBS","",IF(INDEX('TEAM RATINGS'!$P$6:$P$143,MATCH(CLEAN!$N15,'TEAM RATINGS'!$A$6:$A$143,0))="OVERRIDE","AWAY RATING OVR; ",""))&IF($H15<>"FBS","",IF(INDEX('TEAM RATINGS'!$P$6:$P$143,MATCH(CLEAN!$P15,'TEAM RATINGS'!$A$6:$A$143,0))="OVERRIDE","HOME RATING OVR; ","")))

Sheet DASHBOARD
A6: =IF(ENGINE!$A6="","",ENGINE!$B6) | B6: =IF(ENGINE!$A6="","",ENGINE!$C6) | C6: =IF(ENGINE!$A6="","",ENGINE!$D6&" @ "&ENGINE!$E6) | D6: =IF(ENGINE!$A6="","",IF(ENGINE!$H6<>"FBS","FCS",INDEX('TEAM RATINGS'!$C$6:$C$143,MATCH(CLEAN!$P6,'TEAM RATINGS'!$A$6:$A$143,0)))) | E6: =IF(ENGINE!$A6="","",IF(ENGINE!$AG6<>"","FBS v FCS","FBS v FBS")) | F6: =IF(ENGINE!$A6="","",IF(IF(ENGINE!$G6<>"FBS",0,COUNTIF(SETTINGS!$E$37:$E$48,INDEX('TEAM RATINGS'!$C$6:$C$143,MATCH(CLEAN!$N6,'TEAM RATINGS'!$A$6:$A$143,0))))+IF(ENGINE!$H6<>"FBS",0,COUNTIF(SETTINGS!$E$37:$E$48,INDEX('TEAM RATINGS'!$C$6:$C$143,MATCH(CLEAN!$P6,'TEAM RATINGS'!$A$6:$A$143,0))))>0,"Y","N")) | G6: =IF(ENGINE!$A6="","",IF(CALC!$L6="","PENDING",IF(CALC!$N6="","PENDING",CALC!$M6&" -"&TEXT(ABS(INDEX('MARKET LINES'!$D$6:$D$1005,CALC!$L6)),"0.0")))) | H6: =IF(ENGINE!$A6="","",ENGINE!$S6) | I6: =IF(ENGINE!$A6="","",ENGINE!$V6) | J6: =IF(ENGINE!$A6="","",ENGINE!$W6) | K6: =IF(ENGINE!$A6="","",ENGINE!$X6) | L6: =IF(ENGINE!$A6="","",ENGINE!$Z6) | M6: =IF(ENGINE!$A6="","",IF(ENGINE!$Y6="","NOT AVAILABLE",ENGINE!$Y6)) | N6: =IF(ENGINE!$A6="","",ENGINE!$AA6) | O6: =IF(ENGINE!$A6="","",ENGINE!$AB6) | P6: =IF(ENGINE!$A6="","",ENGINE!$AC6) | Q6: =IF(ENGINE!$A6="","",ENGINE!$AD6) | R6: =IF(ENGINE!$A6="","",ENGINE!$AE6) | S6: =IF(ENGINE!$A6="","",ENGINE!$AF6) | T6: =IF(ENGINE!$A6="","",ENGINE!$AG6) | U6: =IF(ENGINE!$A6="","",ENGINE!$AI6) | V6: =IF(ENGINE!$A6="","",IF(OR(ENGINE!$V6="",ENGINE!$AI6<>"READY"),0,ABS(ENGINE!$V6)+IF(ENGINE!$X6="BET",10,IF(ENGINE!$X6="INVESTIGATE",5,IF(ENGINE!$X6="LEAN",2,0))))) | W6: =IF(OR(ENGINE!$A6="",$V6=0),"",RANK($V6,$V$6:$V$1005)) | X6: =IF(ENGINE!$A6="","",ENGINE!$AK6) | Y6: =IF(ENGINE!$A6="","",ENGINE!$AJ6) | Z6: =IF(ENGINE!$A6="","",ENGINE!$A6)
A8: =IF(ENGINE!$A8="","",ENGINE!$B8) | B8: =IF(ENGINE!$A8="","",ENGINE!$C8) | C8: =IF(ENGINE!$A8="","",ENGINE!$D8&" @ "&ENGINE!$E8) | D8: =IF(ENGINE!$A8="","",IF(ENGINE!$H8<>"FBS","FCS",INDEX('TEAM RATINGS'!$C$6:$C$143,MATCH(CLEAN!$P8,'TEAM RATINGS'!$A$6:$A$143,0)))) | E8: =IF(ENGINE!$A8="","",IF(ENGINE!$AG8<>"","FBS v FCS","FBS v FBS")) | F8: =IF(ENGINE!$A8="","",IF(IF(ENGINE!$G8<>"FBS",0,COUNTIF(SETTINGS!$E$37:$E$48,INDEX('TEAM RATINGS'!$C$6:$C$143,MATCH(CLEAN!$N8,'TEAM RATINGS'!$A$6:$A$143,0))))+IF(ENGINE!$H8<>"FBS",0,COUNTIF(SETTINGS!$E$37:$E$48,INDEX('TEAM RATINGS'!$C$6:$C$143,MATCH(CLEAN!$P8,'TEAM RATINGS'!$A$6:$A$143,0))))>0,"Y","N")) | G8: =IF(ENGINE!$A8="","",IF(CALC!$L8="","PENDING",IF(CALC!$N8="","PENDING",CALC!$M8&" -"&TEXT(ABS(INDEX('MARKET LINES'!$D$6:$D$1005,CALC!$L8)),"0.0")))) | H8: =IF(ENGINE!$A8="","",ENGINE!$S8) | I8: =IF(ENGINE!$A8="","",ENGINE!$V8) | J8: =IF(ENGINE!$A8="","",ENGINE!$W8) | K8: =IF(ENGINE!$A8="","",ENGINE!$X8) | L8: =IF(ENGINE!$A8="","",ENGINE!$Z8) | M8: =IF(ENGINE!$A8="","",IF(ENGINE!$Y8="","NOT AVAILABLE",ENGINE!$Y8)) | N8: =IF(ENGINE!$A8="","",ENGINE!$AA8) | O8: =IF(ENGINE!$A8="","",ENGINE!$AB8) | P8: =IF(ENGINE!$A8="","",ENGINE!$AC8) | Q8: =IF(ENGINE!$A8="","",ENGINE!$AD8) | R8: =IF(ENGINE!$A8="","",ENGINE!$AE8) | S8: =IF(ENGINE!$A8="","",ENGINE!$AF8) | T8: =IF(ENGINE!$A8="","",ENGINE!$AG8) | U8: =IF(ENGINE!$A8="","",ENGINE!$AI8) | V8: =IF(ENGINE!$A8="","",IF(OR(ENGINE!$V8="",ENGINE!$AI8<>"READY"),0,ABS(ENGINE!$V8)+IF(ENGINE!$X8="BET",10,IF(ENGINE!$X8="INVESTIGATE",5,IF(ENGINE!$X8="LEAN",2,0))))) | W8: =IF(OR(ENGINE!$A8="",$V8=0),"",RANK($V8,$V$6:$V$1005)) | X8: =IF(ENGINE!$A8="","",ENGINE!$AK8) | Y8: =IF(ENGINE!$A8="","",ENGINE!$AJ8) | Z8: =IF(ENGINE!$A8="","",ENGINE!$A8)
A9: =IF(ENGINE!$A9="","",ENGINE!$B9) | B9: =IF(ENGINE!$A9="","",ENGINE!$C9) | C9: =IF(ENGINE!$A9="","",ENGINE!$D9&" @ "&ENGINE!$E9) | D9: =IF(ENGINE!$A9="","",IF(ENGINE!$H9<>"FBS","FCS",INDEX('TEAM RATINGS'!$C$6:$C$143,MATCH(CLEAN!$P9,'TEAM RATINGS'!$A$6:$A$143,0)))) | E9: =IF(ENGINE!$A9="","",IF(ENGINE!$AG9<>"","FBS v FCS","FBS v FBS")) | F9: =IF(ENGINE!$A9="","",IF(IF(ENGINE!$G9<>"FBS",0,COUNTIF(SETTINGS!$E$37:$E$48,INDEX('TEAM RATINGS'!$C$6:$C$143,MATCH(CLEAN!$N9,'TEAM RATINGS'!$A$6:$A$143,0))))+IF(ENGINE!$H9<>"FBS",0,COUNTIF(SETTINGS!$E$37:$E$48,INDEX('TEAM RATINGS'!$C$6:$C$143,MATCH(CLEAN!$P9,'TEAM RATINGS'!$A$6:$A$143,0))))>0,"Y","N")) | G9: =IF(ENGINE!$A9="","",IF(CALC!$L9="","PENDING",IF(CALC!$N9="","PENDING",CALC!$M9&" -"&TEXT(ABS(INDEX('MARKET LINES'!$D$6:$D$1005,CALC!$L9)),"0.0")))) | H9: =IF(ENGINE!$A9="","",ENGINE!$S9) | I9: =IF(ENGINE!$A9="","",ENGINE!$V9) | J9: =IF(ENGINE!$A9="","",ENGINE!$W9) | K9: =IF(ENGINE!$A9="","",ENGINE!$X9) | L9: =IF(ENGINE!$A9="","",ENGINE!$Z9) | M9: =IF(ENGINE!$A9="","",IF(ENGINE!$Y9="","NOT AVAILABLE",ENGINE!$Y9)) | N9: =IF(ENGINE!$A9="","",ENGINE!$AA9) | O9: =IF(ENGINE!$A9="","",ENGINE!$AB9) | P9: =IF(ENGINE!$A9="","",ENGINE!$AC9) | Q9: =IF(ENGINE!$A9="","",ENGINE!$AD9) | R9: =IF(ENGINE!$A9="","",ENGINE!$AE9) | S9: =IF(ENGINE!$A9="","",ENGINE!$AF9) | T9: =IF(ENGINE!$A9="","",ENGINE!$AG9) | U9: =IF(ENGINE!$A9="","",ENGINE!$AI9) | V9: =IF(ENGINE!$A9="","",IF(OR(ENGINE!$V9="",ENGINE!$AI9<>"READY"),0,ABS(ENGINE!$V9)+IF(ENGINE!$X9="BET",10,IF(ENGINE!$X9="INVESTIGATE",5,IF(ENGINE!$X9="LEAN",2,0))))) | W9: =IF(OR(ENGINE!$A9="",$V9=0),"",RANK($V9,$V$6:$V$1005)) | X9: =IF(ENGINE!$A9="","",ENGINE!$AK9) | Y9: =IF(ENGINE!$A9="","",ENGINE!$AJ9) | Z9: =IF(ENGINE!$A9="","",ENGINE!$A9)
A10: =IF(ENGINE!$A10="","",ENGINE!$B10) | B10: =IF(ENGINE!$A10="","",ENGINE!$C10) | C10: =IF(ENGINE!$A10="","",ENGINE!$D10&" @ "&ENGINE!$E10) | D10: =IF(ENGINE!$A10="","",IF(ENGINE!$H10<>"FBS","FCS",INDEX('TEAM RATINGS'!$C$6:$C$143,MATCH(CLEAN!$P10,'TEAM RATINGS'!$A$6:$A$143,0)))) | E10: =IF(ENGINE!$A10="","",IF(ENGINE!$AG10<>"","FBS v FCS","FBS v FBS")) | F10: =IF(ENGINE!$A10="","",IF(IF(ENGINE!$G10<>"FBS",0,COUNTIF(SETTINGS!$E$37:$E$48,INDEX('TEAM RATINGS'!$C$6:$C$143,MATCH(CLEAN!$N10,'TEAM RATINGS'!$A$6:$A$143,0))))+IF(ENGINE!$H10<>"FBS",0,COUNTIF(SETTINGS!$E$37:$E$48,INDEX('TEAM RATINGS'!$C$6:$C$143,MATCH(CLEAN!$P10,'TEAM RATINGS'!$A$6:$A$143,0))))>0,"Y","N")) | G10: =IF(ENGINE!$A10="","",IF(CALC!$L10="","PENDING",IF(CALC!$N10="","PENDING",CALC!$M10&" -"&TEXT(ABS(INDEX('MARKET LINES'!$D$6:$D$1005,CALC!$L10)),"0.0")))) | H10: =IF(ENGINE!$A10="","",ENGINE!$S10) | I10: =IF(ENGINE!$A10="","",ENGINE!$V10) | J10: =IF(ENGINE!$A10="","",ENGINE!$W10) | K10: =IF(ENGINE!$A10="","",ENGINE!$X10) | L10: =IF(ENGINE!$A10="","",ENGINE!$Z10) | M10: =IF(ENGINE!$A10="","",IF(ENGINE!$Y10="","NOT AVAILABLE",ENGINE!$Y10)) | N10: =IF(ENGINE!$A10="","",ENGINE!$AA10) | O10: =IF(ENGINE!$A10="","",ENGINE!$AB10) | P10: =IF(ENGINE!$A10="","",ENGINE!$AC10) | Q10: =IF(ENGINE!$A10="","",ENGINE!$AD10) | R10: =IF(ENGINE!$A10="","",ENGINE!$AE10) | S10: =IF(ENGINE!$A10="","",ENGINE!$AF10) | T10: =IF(ENGINE!$A10="","",ENGINE!$AG10) | U10: =IF(ENGINE!$A10="","",ENGINE!$AI10) | V10: =IF(ENGINE!$A10="","",IF(OR(ENGINE!$V10="",ENGINE!$AI10<>"READY"),0,ABS(ENGINE!$V10)+IF(ENGINE!$X10="BET",10,IF(ENGINE!$X10="INVESTIGATE",5,IF(ENGINE!$X10="LEAN",2,0))))) | W10: =IF(OR(ENGINE!$A10="",$V10=0),"",RANK($V10,$V$6:$V$1005)) | X10: =IF(ENGINE!$A10="","",ENGINE!$AK10) | Y10: =IF(ENGINE!$A10="","",ENGINE!$AJ10) | Z10: =IF(ENGINE!$A10="","",ENGINE!$A10)
A11: =IF(ENGINE!$A11="","",ENGINE!$B11) | B11: =IF(ENGINE!$A11="","",ENGINE!$C11) | C11: =IF(ENGINE!$A11="","",ENGINE!$D11&" @ "&ENGINE!$E11) | D11: =IF(ENGINE!$A11="","",IF(ENGINE!$H11<>"FBS","FCS",INDEX('TEAM RATINGS'!$C$6:$C$143,MATCH(CLEAN!$P11,'TEAM RATINGS'!$A$6:$A$143,0)))) | E11: =IF(ENGINE!$A11="","",IF(ENGINE!$AG11<>"","FBS v FCS","FBS v FBS")) | F11: =IF(ENGINE!$A11="","",IF(IF(ENGINE!$G11<>"FBS",0,COUNTIF(SETTINGS!$E$37:$E$48,INDEX('TEAM RATINGS'!$C$6:$C$143,MATCH(CLEAN!$N11,'TEAM RATINGS'!$A$6:$A$143,0))))+IF(ENGINE!$H11<>"FBS",0,COUNTIF(SETTINGS!$E$37:$E$48,INDEX('TEAM RATINGS'!$C$6:$C$143,MATCH(CLEAN!$P11,'TEAM RATINGS'!$A$6:$A$143,0))))>0,"Y","N")) | G11: =IF(ENGINE!$A11="","",IF(CALC!$L11="","PENDING",IF(CALC!$N11="","PENDING",CALC!$M11&" -"&TEXT(ABS(INDEX('MARKET LINES'!$D$6:$D$1005,CALC!$L11)),"0.0")))) | H11: =IF(ENGINE!$A11="","",ENGINE!$S11) | I11: =IF(ENGINE!$A11="","",ENGINE!$V11) | J11: =IF(ENGINE!$A11="","",ENGINE!$W11) | K11: =IF(ENGINE!$A11="","",ENGINE!$X11) | L11: =IF(ENGINE!$A11="","",ENGINE!$Z11) | M11: =IF(ENGINE!$A11="","",IF(ENGINE!$Y11="","NOT AVAILABLE",ENGINE!$Y11)) | N11: =IF(ENGINE!$A11="","",ENGINE!$AA11) | O11: =IF(ENGINE!$A11="","",ENGINE!$AB11) | P11: =IF(ENGINE!$A11="","",ENGINE!$AC11) | Q11: =IF(ENGINE!$A11="","",ENGINE!$AD11) | R11: =IF(ENGINE!$A11="","",ENGINE!$AE11) | S11: =IF(ENGINE!$A11="","",ENGINE!$AF11) | T11: =IF(ENGINE!$A11="","",ENGINE!$AG11) | U11: =IF(ENGINE!$A11="","",ENGINE!$AI11) | V11: =IF(ENGINE!$A11="","",IF(OR(ENGINE!$V11="",ENGINE!$AI11<>"READY"),0,ABS(ENGINE!$V11)+IF(ENGINE!$X11="BET",10,IF(ENGINE!$X11="INVESTIGATE",5,IF(ENGINE!$X11="LEAN",2,0))))) | W11: =IF(OR(ENGINE!$A11="",$V11=0),"",RANK($V11,$V$6:$V$1005)) | X11: =IF(ENGINE!$A11="","",ENGINE!$AK11) | Y11: =IF(ENGINE!$A11="","",ENGINE!$AJ11) | Z11: =IF(ENGINE!$A11="","",ENGINE!$A11)
A14: =IF(ENGINE!$A14="","",ENGINE!$B14) | B14: =IF(ENGINE!$A14="","",ENGINE!$C14) | C14: =IF(ENGINE!$A14="","",ENGINE!$D14&" @ "&ENGINE!$E14) | D14: =IF(ENGINE!$A14="","",IF(ENGINE!$H14<>"FBS","FCS",INDEX('TEAM RATINGS'!$C$6:$C$143,MATCH(CLEAN!$P14,'TEAM RATINGS'!$A$6:$A$143,0)))) | E14: =IF(ENGINE!$A14="","",IF(ENGINE!$AG14<>"","FBS v FCS","FBS v FBS")) | F14: =IF(ENGINE!$A14="","",IF(IF(ENGINE!$G14<>"FBS",0,COUNTIF(SETTINGS!$E$37:$E$48,INDEX('TEAM RATINGS'!$C$6:$C$143,MATCH(CLEAN!$N14,'TEAM RATINGS'!$A$6:$A$143,0))))+IF(ENGINE!$H14<>"FBS",0,COUNTIF(SETTINGS!$E$37:$E$48,INDEX('TEAM RATINGS'!$C$6:$C$143,MATCH(CLEAN!$P14,'TEAM RATINGS'!$A$6:$A$143,0))))>0,"Y","N")) | G14: =IF(ENGINE!$A14="","",IF(CALC!$L14="","PENDING",IF(CALC!$N14="","PENDING",CALC!$M14&" -"&TEXT(ABS(INDEX('MARKET LINES'!$D$6:$D$1005,CALC!$L14)),"0.0")))) | H14: =IF(ENGINE!$A14="","",ENGINE!$S14) | I14: =IF(ENGINE!$A14="","",ENGINE!$V14) | J14: =IF(ENGINE!$A14="","",ENGINE!$W14) | K14: =IF(ENGINE!$A14="","",ENGINE!$X14) | L14: =IF(ENGINE!$A14="","",ENGINE!$Z14) | M14: =IF(ENGINE!$A14="","",IF(ENGINE!$Y14="","NOT AVAILABLE",ENGINE!$Y14)) | N14: =IF(ENGINE!$A14="","",ENGINE!$AA14) | O14: =IF(ENGINE!$A14="","",ENGINE!$AB14) | P14: =IF(ENGINE!$A14="","",ENGINE!$AC14) | Q14: =IF(ENGINE!$A14="","",ENGINE!$AD14) | R14: =IF(ENGINE!$A14="","",ENGINE!$AE14) | S14: =IF(ENGINE!$A14="","",ENGINE!$AF14) | T14: =IF(ENGINE!$A14="","",ENGINE!$AG14) | U14: =IF(ENGINE!$A14="","",ENGINE!$AI14) | V14: =IF(ENGINE!$A14="","",IF(OR(ENGINE!$V14="",ENGINE!$AI14<>"READY"),0,ABS(ENGINE!$V14)+IF(ENGINE!$X14="BET",10,IF(ENGINE!$X14="INVESTIGATE",5,IF(ENGINE!$X14="LEAN",2,0))))) | W14: =IF(OR(ENGINE!$A14="",$V14=0),"",RANK($V14,$V$6:$V$1005)) | X14: =IF(ENGINE!$A14="","",ENGINE!$AK14) | Y14: =IF(ENGINE!$A14="","",ENGINE!$AJ14) | Z14: =IF(ENGINE!$A14="","",ENGINE!$A14)
A15: =IF(ENGINE!$A15="","",ENGINE!$B15) | B15: =IF(ENGINE!$A15="","",ENGINE!$C15) | C15: =IF(ENGINE!$A15="","",ENGINE!$D15&" @ "&ENGINE!$E15) | D15: =IF(ENGINE!$A15="","",IF(ENGINE!$H15<>"FBS","FCS",INDEX('TEAM RATINGS'!$C$6:$C$143,MATCH(CLEAN!$P15,'TEAM RATINGS'!$A$6:$A$143,0)))) | E15: =IF(ENGINE!$A15="","",IF(ENGINE!$AG15<>"","FBS v FCS","FBS v FBS")) | F15: =IF(ENGINE!$A15="","",IF(IF(ENGINE!$G15<>"FBS",0,COUNTIF(SETTINGS!$E$37:$E$48,INDEX('TEAM RATINGS'!$C$6:$C$143,MATCH(CLEAN!$N15,'TEAM RATINGS'!$A$6:$A$143,0))))+IF(ENGINE!$H15<>"FBS",0,COUNTIF(SETTINGS!$E$37:$E$48,INDEX('TEAM RATINGS'!$C$6:$C$143,MATCH(CLEAN!$P15,'TEAM RATINGS'!$A$6:$A$143,0))))>0,"Y","N")) | G15: =IF(ENGINE!$A15="","",IF(CALC!$L15="","PENDING",IF(CALC!$N15="","PENDING",CALC!$M15&" -"&TEXT(ABS(INDEX('MARKET LINES'!$D$6:$D$1005,CALC!$L15)),"0.0")))) | H15: =IF(ENGINE!$A15="","",ENGINE!$S15) | I15: =IF(ENGINE!$A15="","",ENGINE!$V15) | J15: =IF(ENGINE!$A15="","",ENGINE!$W15) | K15: =IF(ENGINE!$A15="","",ENGINE!$X15) | L15: =IF(ENGINE!$A15="","",ENGINE!$Z15) | M15: =IF(ENGINE!$A15="","",IF(ENGINE!$Y15="","NOT AVAILABLE",ENGINE!$Y15)) | N15: =IF(ENGINE!$A15="","",ENGINE!$AA15) | O15: =IF(ENGINE!$A15="","",ENGINE!$AB15) | P15: =IF(ENGINE!$A15="","",ENGINE!$AC15) | Q15: =IF(ENGINE!$A15="","",ENGINE!$AD15) | R15: =IF(ENGINE!$A15="","",ENGINE!$AE15) | S15: =IF(ENGINE!$A15="","",ENGINE!$AF15) | T15: =IF(ENGINE!$A15="","",ENGINE!$AG15) | U15: =IF(ENGINE!$A15="","",ENGINE!$AI15) | V15: =IF(ENGINE!$A15="","",IF(OR(ENGINE!$V15="",ENGINE!$AI15<>"READY"),0,ABS(ENGINE!$V15)+IF(ENGINE!$X15="BET",10,IF(ENGINE!$X15="INVESTIGATE",5,IF(ENGINE!$X15="LEAN",2,0))))) | W15: =IF(OR(ENGINE!$A15="",$V15=0),"",RANK($V15,$V$6:$V$1005)) | X15: =IF(ENGINE!$A15="","",ENGINE!$AK15) | Y15: =IF(ENGINE!$A15="","",ENGINE!$AJ15) | Z15: =IF(ENGINE!$A15="","",ENGINE!$A15)

Sheet MARKET LINES
A6: 401856766 | B6: =IF($A6="","",IF(ISNA(MATCH($A6,CLEAN!$A$6:$A$1005,0)),"GAMEID NOT IN SCHEDULE",INDEX(CLEAN!$AF$6:$AF$1005,MATCH($A6,CLEAN!$A$6:$A$1005,0))&" @ "&INDEX(CLEAN!$AG$6:$AG$1005,MATCH($A6,CLEAN!$A$6:$A$1005,0)))) | C6: TCU | D6: 3 | E6: 55 | F6: TEST ONLY — NOT REAL DATA | G6: 46254 | H6: TEST ONLY — NOT REAL DATA | O6: =IF($C6="","",IF(ISNA(MATCH($C6,'TEAM MAP'!$H$6:$H$605,0)),$C6,INDEX('TEAM MAP'!$I$6:$I$605,MATCH($C6,'TEAM MAP'!$H$6:$H$605,0)))) | P6: =IF(OR($A6="",$O6=""),"",IF(ISNA(MATCH($A6,CLEAN!$A$6:$A$1005,0)),"NO GAME",IF(OR($O6=INDEX(CLEAN!$AF$6:$AF$1005,MATCH($A6,CLEAN!$A$6:$A$1005,0)),$O6=INDEX(CLEAN!$AG$6:$AG$1005,MATCH($A6,CLEAN!$A$6:$A$1005,0))),"OK","INVALID"))) | Q6: =IF($A6="","",IF($P6="INVALID","INVALID FAVORITE; ","")&IF($P6="NO GAME","GAMEID NOT IN SCHEDULE; ","")&IF($D6="","SPREAD MISSING; ","")&IF($E6="","TOTAL MISSING; ","")&IF($G6="","DATE MISSING; ","")&IF($F6="","SOURCE MISSING; ","")&IF($R6>1,"DUPLICATE GAMEID ROW; ","")&IF(AND($G6<>"",SETTINGS!$B$5<>"",SETTINGS!$B$5-$G6>SETTINGS!$B$13),"STALE; ","")) | R6: =IF($A6="","",COUNTIF($A$6:$A$1005,$A6))
A8: 401858202 | B8: =IF($A8="","",IF(ISNA(MATCH($A8,CLEAN!$A$6:$A$1005,0)),"GAMEID NOT IN SCHEDULE",INDEX(CLEAN!$AF$6:$AF$1005,MATCH($A8,CLEAN!$A$6:$A$1005,0))&" @ "&INDEX(CLEAN!$AG$6:$AG$1005,MATCH($A8,CLEAN!$A$6:$A$1005,0)))) | C8: UVA | D8: 6.5 | E8: 51.5 | F8: TEST ONLY — NOT REAL DATA | G8: 46268 | H8: TEST ONLY — NOT REAL DATA | O8: =IF($C8="","",IF(ISNA(MATCH($C8,'TEAM MAP'!$H$6:$H$605,0)),$C8,INDEX('TEAM MAP'!$I$6:$I$605,MATCH($C8,'TEAM MAP'!$H$6:$H$605,0)))) | P8: =IF(OR($A8="",$O8=""),"",IF(ISNA(MATCH($A8,CLEAN!$A$6:$A$1005,0)),"NO GAME",IF(OR($O8=INDEX(CLEAN!$AF$6:$AF$1005,MATCH($A8,CLEAN!$A$6:$A$1005,0)),$O8=INDEX(CLEAN!$AG$6:$AG$1005,MATCH($A8,CLEAN!$A$6:$A$1005,0))),"OK","INVALID"))) | Q8: =IF($A8="","",IF($P8="INVALID","INVALID FAVORITE; ","")&IF($P8="NO GAME","GAMEID NOT IN SCHEDULE; ","")&IF($D8="","SPREAD MISSING; ","")&IF($E8="","TOTAL MISSING; ","")&IF($G8="","DATE MISSING; ","")&IF($F8="","SOURCE MISSING; ","")&IF($R8>1,"DUPLICATE GAMEID ROW; ","")&IF(AND($G8<>"",SETTINGS!$B$5<>"",SETTINGS!$B$5-$G8>SETTINGS!$B$13),"STALE; ","")) | R8: =IF($A8="","",COUNTIF($A$6:$A$1005,$A8))
B9: =IF($A9="","",IF(ISNA(MATCH($A9,CLEAN!$A$6:$A$1005,0)),"GAMEID NOT IN SCHEDULE",INDEX(CLEAN!$AF$6:$AF$1005,MATCH($A9,CLEAN!$A$6:$A$1005,0))&" @ "&INDEX(CLEAN!$AG$6:$AG$1005,MATCH($A9,CLEAN!$A$6:$A$1005,0)))) | O9: =IF($C9="","",IF(ISNA(MATCH($C9,'TEAM MAP'!$H$6:$H$605,0)),$C9,INDEX('TEAM MAP'!$I$6:$I$605,MATCH($C9,'TEAM MAP'!$H$6:$H$605,0)))) | P9: =IF(OR($A9="",$O9=""),"",IF(ISNA(MATCH($A9,CLEAN!$A$6:$A$1005,0)),"NO GAME",IF(OR($O9=INDEX(CLEAN!$AF$6:$AF$1005,MATCH($A9,CLEAN!$A$6:$A$1005,0)),$O9=INDEX(CLEAN!$AG$6:$AG$1005,MATCH($A9,CLEAN!$A$6:$A$1005,0))),"OK","INVALID"))) | Q9: =IF($A9="","",IF($P9="INVALID","INVALID FAVORITE; ","")&IF($P9="NO GAME","GAMEID NOT IN SCHEDULE; ","")&IF($D9="","SPREAD MISSING; ","")&IF($E9="","TOTAL MISSING; ","")&IF($G9="","DATE MISSING; ","")&IF($F9="","SOURCE MISSING; ","")&IF($R9>1,"DUPLICATE GAMEID ROW; ","")&IF(AND($G9<>"",SETTINGS!$B$5<>"",SETTINGS!$B$5-$G9>SETTINGS!$B$13),"STALE; ","")) | R9: =IF($A9="","",COUNTIF($A$6:$A$1005,$A9))
A10: 401864570 | B10: =IF($A10="","",IF(ISNA(MATCH($A10,CLEAN!$A$6:$A$1005,0)),"GAMEID NOT IN SCHEDULE",INDEX(CLEAN!$AF$6:$AF$1005,MATCH($A10,CLEAN!$A$6:$A$1005,0))&" @ "&INDEX(CLEAN!$AG$6:$AG$1005,MATCH($A10,CLEAN!$A$6:$A$1005,0)))) | C10: FSU | D10: 24.5 | E10: 58.5 | F10: TEST ONLY — NOT REAL DATA | G10: 46268 | H10: TEST ONLY — NOT REAL DATA | O10: =IF($C10="","",IF(ISNA(MATCH($C10,'TEAM MAP'!$H$6:$H$605,0)),$C10,INDEX('TEAM MAP'!$I$6:$I$605,MATCH($C10,'TEAM MAP'!$H$6:$H$605,0)))) | P10: =IF(OR($A10="",$O10=""),"",IF(ISNA(MATCH($A10,CLEAN!$A$6:$A$1005,0)),"NO GAME",IF(OR($O10=INDEX(CLEAN!$AF$6:$AF$1005,MATCH($A10,CLEAN!$A$6:$A$1005,0)),$O10=INDEX(CLEAN!$AG$6:$AG$1005,MATCH($A10,CLEAN!$A$6:$A$1005,0))),"OK","INVALID"))) | Q10: =IF($A10="","",IF($P10="INVALID","INVALID FAVORITE; ","")&IF($P10="NO GAME","GAMEID NOT IN SCHEDULE; ","")&IF($D10="","SPREAD MISSING; ","")&IF($E10="","TOTAL MISSING; ","")&IF($G10="","DATE MISSING; ","")&IF($F10="","SOURCE MISSING; ","")&IF($R10>1,"DUPLICATE GAMEID ROW; ","")&IF(AND($G10<>"",SETTINGS!$B$5<>"",SETTINGS!$B$5-$G10>SETTINGS!$B$13),"STALE; ","")) | R10: =IF($A10="","",COUNTIF($A$6:$A$1005,$A10))
A11: 401864577 | B11: =IF($A11="","",IF(ISNA(MATCH($A11,CLEAN!$A$6:$A$1005,0)),"GAMEID NOT IN SCHEDULE",INDEX(CLEAN!$AF$6:$AF$1005,MATCH($A11,CLEAN!$A$6:$A$1005,0))&" @ "&INDEX(CLEAN!$AG$6:$AG$1005,MATCH($A11,CLEAN!$A$6:$A$1005,0)))) | C11: NDSU | D11: 3 | E11: 45 | F11: TEST ONLY — NOT REAL DATA | G11: 46268 | H11: TEST ONLY — NOT REAL DATA | O11: =IF($C11="","",IF(ISNA(MATCH($C11,'TEAM MAP'!$H$6:$H$605,0)),$C11,INDEX('TEAM MAP'!$I$6:$I$605,MATCH($C11,'TEAM MAP'!$H$6:$H$605,0)))) | P11: =IF(OR($A11="",$O11=""),"",IF(ISNA(MATCH($A11,CLEAN!$A$6:$A$1005,0)),"NO GAME",IF(OR($O11=INDEX(CLEAN!$AF$6:$AF$1005,MATCH($A11,CLEAN!$A$6:$A$1005,0)),$O11=INDEX(CLEAN!$AG$6:$AG$1005,MATCH($A11,CLEAN!$A$6:$A$1005,0))),"OK","INVALID"))) | Q11: =IF($A11="","",IF($P11="INVALID","INVALID FAVORITE; ","")&IF($P11="NO GAME","GAMEID NOT IN SCHEDULE; ","")&IF($D11="","SPREAD MISSING; ","")&IF($E11="","TOTAL MISSING; ","")&IF($G11="","DATE MISSING; ","")&IF($F11="","SOURCE MISSING; ","")&IF($R11>1,"DUPLICATE GAMEID ROW; ","")&IF(AND($G11<>"",SETTINGS!$B$5<>"",SETTINGS!$B$5-$G11>SETTINGS!$B$13),"STALE; ","")) | R11: =IF($A11="","",COUNTIF($A$6:$A$1005,$A11))
A14: 401856767 | B14: =IF($A14="","",IF(ISNA(MATCH($A14,CLEAN!$A$6:$A$1005,0)),"GAMEID NOT IN SCHEDULE",INDEX(CLEAN!$AF$6:$AF$1005,MATCH($A14,CLEAN!$A$6:$A$1005,0))&" @ "&INDEX(CLEAN!$AG$6:$AG$1005,MATCH($A14,CLEAN!$A$6:$A$1005,0)))) | C14: UCF | D14: 45 | E14: 60 | F14: TEST ONLY — NOT REAL DATA | G14: 46268 | H14: TEST ONLY — NOT REAL DATA | O14: =IF($C14="","",IF(ISNA(MATCH($C14,'TEAM MAP'!$H$6:$H$605,0)),$C14,INDEX('TEAM MAP'!$I$6:$I$605,MATCH($C14,'TEAM MAP'!$H$6:$H$605,0)))) | P14: =IF(OR($A14="",$O14=""),"",IF(ISNA(MATCH($A14,CLEAN!$A$6:$A$1005,0)),"NO GAME",IF(OR($O14=INDEX(CLEAN!$AF$6:$AF$1005,MATCH($A14,CLEAN!$A$6:$A$1005,0)),$O14=INDEX(CLEAN!$AG$6:$AG$1005,MATCH($A14,CLEAN!$A$6:$A$1005,0))),"OK","INVALID"))) | Q14: =IF($A14="","",IF($P14="INVALID","INVALID FAVORITE; ","")&IF($P14="NO GAME","GAMEID NOT IN SCHEDULE; ","")&IF($D14="","SPREAD MISSING; ","")&IF($E14="","TOTAL MISSING; ","")&IF($G14="","DATE MISSING; ","")&IF($F14="","SOURCE MISSING; ","")&IF($R14>1,"DUPLICATE GAMEID ROW; ","")&IF(AND($G14<>"",SETTINGS!$B$5<>"",SETTINGS!$B$5-$G14>SETTINGS!$B$13),"STALE; ","")) | R14: =IF($A14="","",COUNTIF($A$6:$A$1005,$A14))
A15: 401858204 | B15: =IF($A15="","",IF(ISNA(MATCH($A15,CLEAN!$A$6:$A$1005,0)),"GAMEID NOT IN SCHEDULE",INDEX(CLEAN!$AF$6:$AF$1005,MATCH($A15,CLEAN!$A$6:$A$1005,0))&" @ "&INDEX(CLEAN!$AG$6:$AG$1005,MATCH($A15,CLEAN!$A$6:$A$1005,0)))) | C15: Ohio State | D15: 10 | F15: TEST ONLY — NOT REAL DATA | G15: 46268 | H15: TEST ONLY — NOT REAL DATA: deliberately invalid favorite + missing total | O15: =IF($C15="","",IF(ISNA(MATCH($C15,'TEAM MAP'!$H$6:$H$605,0)),$C15,INDEX('TEAM MAP'!$I$6:$I$605,MATCH($C15,'TEAM MAP'!$H$6:$H$605,0)))) | P15: =IF(OR($A15="",$O15=""),"",IF(ISNA(MATCH($A15,CLEAN!$A$6:$A$1005,0)),"NO GAME",IF(OR($O15=INDEX(CLEAN!$AF$6:$AF$1005,MATCH($A15,CLEAN!$A$6:$A$1005,0)),$O15=INDEX(CLEAN!$AG$6:$AG$1005,MATCH($A15,CLEAN!$A$6:$A$1005,0))),"OK","INVALID"))) | Q15: =IF($A15="","",IF($P15="INVALID","INVALID FAVORITE; ","")&IF($P15="NO GAME","GAMEID NOT IN SCHEDULE; ","")&IF($D15="","SPREAD MISSING; ","")&IF($E15="","TOTAL MISSING; ","")&IF($G15="","DATE MISSING; ","")&IF($F15="","SOURCE MISSING; ","")&IF($R15>1,"DUPLICATE GAMEID ROW; ","")&IF(AND($G15<>"",SETTINGS!$B$5<>"",SETTINGS!$B$5-$G15>SETTINGS!$B$13),"STALE; ","")) | R15: =IF($A15="","",COUNTIF($A$6:$A$1005,$A15))

Sheet CALC
A6: =IF('TEAM RATINGS'!$A6="","",'TEAM RATINGS'!$A6) | B6: =IF($A6="","",SUMIFS(CLEAN!$X$6:$X$1005,CLEAN!$P$6:$P$1005,$A6)+SUMIFS(CLEAN!$Z$6:$Z$1005,CLEAN!$N$6:$N$1005,$A6)) | C6: =IF($A6="","",SUMIFS(CLEAN!$Y$6:$Y$1005,CLEAN!$P$6:$P$1005,$A6)+SUMIFS(CLEAN!$AA$6:$AA$1005,CLEAN!$N$6:$N$1005,$A6)) | D6: =IF($A6="","",IF($C6>0,$B6/$C6,"")) | E6: =IF($A6="","",IF(ISNA(MATCH($A6,'IMPORT STATS'!$K$6:$K$205,0)),"",IF(INDEX('IMPORT STATS'!$C$6:$C$205,MATCH($A6,'IMPORT STATS'!$K$6:$K$205,0))="","",INDEX('IMPORT STATS'!$C$6:$C$205,MATCH($A6,'IMPORT STATS'!$K$6:$K$205,0))))) | F6: =IF($A6="","",IF(ISNA(MATCH($A6,'IMPORT STATS'!$K$6:$K$205,0)),"",IF(INDEX('IMPORT STATS'!$D$6:$D$205,MATCH($A6,'IMPORT STATS'!$K$6:$K$205,0))="","",INDEX('IMPORT STATS'!$D$6:$D$205,MATCH($A6,'IMPORT STATS'!$K$6:$K$205,0))))) | G6: =IF(OR($E6="",$F6=""),"",($E6-$F6)*SETTINGS!$B$17) | H6: =IF($A6="","",IF(AND($D6="",$G6=""),"",IF($D6="",$G6,IF($G6="",$D6,SETTINGS!$B$18*$D6+SETTINGS!$B$19*$G6)))) | K6: =IF(CLEAN!$A6="","",CLEAN!$A6) | L6: =IF($K6="","",IF(ISNA(MATCH($K6,'MARKET LINES'!$A$6:$A$1005,0)),"",MATCH($K6,'MARKET LINES'!$A$6:$A$1005,0))) | M6: =IF($L6="","",IF(INDEX('MARKET LINES'!$O$6:$O$1005,$L6)="","",INDEX('MARKET LINES'!$O$6:$O$1005,$L6))) | N6: =IF(OR($L6="",$M6=""),"",IF(INDEX('MARKET LINES'!$D$6:$D$1005,$L6)="","",IF($M6=CLEAN!$AG6,-INDEX('MARKET LINES'!$D$6:$D$1005,$L6),IF($M6=CLEAN!$AF6,INDEX('MARKET LINES'!$D$6:$D$1005,$L6),"")))) | O6: =IF($L6="","",IF(INDEX('MARKET LINES'!$E$6:$E$1005,$L6)="","",INDEX('MARKET LINES'!$E$6:$E$1005,$L6))) | P6: =IF($L6="","",IF(INDEX('MARKET LINES'!$G$6:$G$1005,$L6)="","",INDEX('MARKET LINES'!$G$6:$G$1005,$L6))) | Q6: =IF(OR($L6="",$P6="",SETTINGS!$B$5=""),0,IF(SETTINGS!$B$5-$P6>SETTINGS!$B$13,1,0)) | R6: =IF($K6="",0,IF(COUNTIF('MARKET LINES'!$A$6:$A$1005,$K6)>1,1,0)) | S6: =IF($K6="",0,IF($L6="",1,IF(INDEX('MARKET LINES'!$D$6:$D$1005,$L6)="",1,0))) | T6: =IF(CLEAN!$N6="","",IF(ISNA(MATCH(CLEAN!$N6,$A$6:$A$143,0)),"",IF(INDEX($E$6:$E$143,MATCH(CLEAN!$N6,$A$6:$A$143,0))="","",INDEX($E$6:$E$143,MATCH(CLEAN!$N6,$A$6:$A$143,0))))) | U6: =IF(CLEAN!$N6="","",IF(ISNA(MATCH(CLEAN!$N6,$A$6:$A$143,0)),"",IF(INDEX($F$6:$F$143,MATCH(CLEAN!$N6,$A$6:$A$143,0))="","",INDEX($F$6:$F$143,MATCH(CLEAN!$N6,$A$6:$A$143,0))))) | V6: =IF(CLEAN!$P6="","",IF(ISNA(MATCH(CLEAN!$P6,$A$6:$A$143,0)),"",IF(INDEX($E$6:$E$143,MATCH(CLEAN!$P6,$A$6:$A$143,0))="","",INDEX($E$6:$E$143,MATCH(CLEAN!$P6,$A$6:$A$143,0))))) | W6: =IF(CLEAN!$P6="","",IF(ISNA(MATCH(CLEAN!$P6,$A$6:$A$143,0)),"",IF(INDEX($F$6:$F$143,MATCH(CLEAN!$P6,$A$6:$A$143,0))="","",INDEX($F$6:$F$143,MATCH(CLEAN!$P6,$A$6:$A$143,0))))) | X6: =IF($K6="","",IF(CLEAN!$O6<>"FBS",0,IF(ISNA(MATCH(CLEAN!$N6,'TEAM RATINGS'!$A$6:$A$143,0)),0,IF(INDEX('TEAM RATINGS'!$F$6:$F$143,MATCH(CLEAN!$N6,'TEAM RATINGS'!$A$6:$A$143,0))="",0,INDEX('TEAM RATINGS'!$F$6:$F$143,MATCH(CLEAN!$N6,'TEAM RATINGS'!$A$6:$A$143,0)))))) | Y6: =IF($K6="","",IF(CLEAN!$Q6<>"FBS",0,IF(ISNA(MATCH(CLEAN!$P6,'TEAM RATINGS'!$A$6:$A$143,0)),0,IF(INDEX('TEAM RATINGS'!$F$6:$F$143,MATCH(CLEAN!$P6,'TEAM RATINGS'!$A$6:$A$143,0))="",0,INDEX('TEAM RATINGS'!$F$6:$F$143,MATCH(CLEAN!$P6,'TEAM RATINGS'!$A$6:$A$143,0)))))) | Z6: =IF($K6="","",MIN(IF($X6="",0,$X6),IF($Y6="",0,$Y6)))
A7: =IF('TEAM RATINGS'!$A7="","",'TEAM RATINGS'!$A7) | B7: =IF($A7="","",SUMIFS(CLEAN!$X$6:$X$1005,CLEAN!$P$6:$P$1005,$A7)+SUMIFS(CLEAN!$Z$6:$Z$1005,CLEAN!$N$6:$N$1005,$A7)) | C7: =IF($A7="","",SUMIFS(CLEAN!$Y$6:$Y$1005,CLEAN!$P$6:$P$1005,$A7)+SUMIFS(CLEAN!$AA$6:$AA$1005,CLEAN!$N$6:$N$1005,$A7)) | D7: =IF($A7="","",IF($C7>0,$B7/$C7,"")) | E7: =IF($A7="","",IF(ISNA(MATCH($A7,'IMPORT STATS'!$K$6:$K$205,0)),"",IF(INDEX('IMPORT STATS'!$C$6:$C$205,MATCH($A7,'IMPORT STATS'!$K$6:$K$205,0))="","",INDEX('IMPORT STATS'!$C$6:$C$205,MATCH($A7,'IMPORT STATS'!$K$6:$K$205,0))))) | F7: =IF($A7="","",IF(ISNA(MATCH($A7,'IMPORT STATS'!$K$6:$K$205,0)),"",IF(INDEX('IMPORT STATS'!$D$6:$D$205,MATCH($A7,'IMPORT STATS'!$K$6:$K$205,0))="","",INDEX('IMPORT STATS'!$D$6:$D$205,MATCH($A7,'IMPORT STATS'!$K$6:$K$205,0))))) | G7: =IF(OR($E7="",$F7=""),"",($E7-$F7)*SETTINGS!$B$17) | H7: =IF($A7="","",IF(AND($D7="",$G7=""),"",IF($D7="",$G7,IF($G7="",$D7,SETTINGS!$B$18*$D7+SETTINGS!$B$19*$G7))))
A8: =IF('TEAM RATINGS'!$A8="","",'TEAM RATINGS'!$A8) | B8: =IF($A8="","",SUMIFS(CLEAN!$X$6:$X$1005,CLEAN!$P$6:$P$1005,$A8)+SUMIFS(CLEAN!$Z$6:$Z$1005,CLEAN!$N$6:$N$1005,$A8)) | C8: =IF($A8="","",SUMIFS(CLEAN!$Y$6:$Y$1005,CLEAN!$P$6:$P$1005,$A8)+SUMIFS(CLEAN!$AA$6:$AA$1005,CLEAN!$N$6:$N$1005,$A8)) | D8: =IF($A8="","",IF($C8>0,$B8/$C8,"")) | E8: =IF($A8="","",IF(ISNA(MATCH($A8,'IMPORT STATS'!$K$6:$K$205,0)),"",IF(INDEX('IMPORT STATS'!$C$6:$C$205,MATCH($A8,'IMPORT STATS'!$K$6:$K$205,0))="","",INDEX('IMPORT STATS'!$C$6:$C$205,MATCH($A8,'IMPORT STATS'!$K$6:$K$205,0))))) | F8: =IF($A8="","",IF(ISNA(MATCH($A8,'IMPORT STATS'!$K$6:$K$205,0)),"",IF(INDEX('IMPORT STATS'!$D$6:$D$205,MATCH($A8,'IMPORT STATS'!$K$6:$K$205,0))="","",INDEX('IMPORT STATS'!$D$6:$D$205,MATCH($A8,'IMPORT STATS'!$K$6:$K$205,0))))) | G8: =IF(OR($E8="",$F8=""),"",($E8-$F8)*SETTINGS!$B$17) | H8: =IF($A8="","",IF(AND($D8="",$G8=""),"",IF($D8="",$G8,IF($G8="",$D8,SETTINGS!$B$18*$D8+SETTINGS!$B$19*$G8)))) | K8: =IF(CLEAN!$A8="","",CLEAN!$A8) | L8: =IF($K8="","",IF(ISNA(MATCH($K8,'MARKET LINES'!$A$6:$A$1005,0)),"",MATCH($K8,'MARKET LINES'!$A$6:$A$1005,0))) | M8: =IF($L8="","",IF(INDEX('MARKET LINES'!$O$6:$O$1005,$L8)="","",INDEX('MARKET LINES'!$O$6:$O$1005,$L8))) | N8: =IF(OR($L8="",$M8=""),"",IF(INDEX('MARKET LINES'!$D$6:$D$1005,$L8)="","",IF($M8=CLEAN!$AG8,-INDEX('MARKET LINES'!$D$6:$D$1005,$L8),IF($M8=CLEAN!$AF8,INDEX('MARKET LINES'!$D$6:$D$1005,$L8),"")))) | O8: =IF($L8="","",IF(INDEX('MARKET LINES'!$E$6:$E$1005,$L8)="","",INDEX('MARKET LINES'!$E$6:$E$1005,$L8))) | P8: =IF($L8="","",IF(INDEX('MARKET LINES'!$G$6:$G$1005,$L8)="","",INDEX('MARKET LINES'!$G$6:$G$1005,$L8))) | Q8: =IF(OR($L8="",$P8="",SETTINGS!$B$5=""),0,IF(SETTINGS!$B$5-$P8>SETTINGS!$B$13,1,0)) | R8: =IF($K8="",0,IF(COUNTIF('MARKET LINES'!$A$6:$A$1005,$K8)>1,1,0)) | S8: =IF($K8="",0,IF($L8="",1,IF(INDEX('MARKET LINES'!$D$6:$D$1005,$L8)="",1,0))) | T8: =IF(CLEAN!$N8="","",IF(ISNA(MATCH(CLEAN!$N8,$A$6:$A$143,0)),"",IF(INDEX($E$6:$E$143,MATCH(CLEAN!$N8,$A$6:$A$143,0))="","",INDEX($E$6:$E$143,MATCH(CLEAN!$N8,$A$6:$A$143,0))))) | U8: =IF(CLEAN!$N8="","",IF(ISNA(MATCH(CLEAN!$N8,$A$6:$A$143,0)),"",IF(INDEX($F$6:$F$143,MATCH(CLEAN!$N8,$A$6:$A$143,0))="","",INDEX($F$6:$F$143,MATCH(CLEAN!$N8,$A$6:$A$143,0))))) | V8: =IF(CLEAN!$P8="","",IF(ISNA(MATCH(CLEAN!$P8,$A$6:$A$143,0)),"",IF(INDEX($E$6:$E$143,MATCH(CLEAN!$P8,$A$6:$A$143,0))="","",INDEX($E$6:$E$143,MATCH(CLEAN!$P8,$A$6:$A$143,0))))) | W8: =IF(CLEAN!$P8="","",IF(ISNA(MATCH(CLEAN!$P8,$A$6:$A$143,0)),"",IF(INDEX($F$6:$F$143,MATCH(CLEAN!$P8,$A$6:$A$143,0))="","",INDEX($F$6:$F$143,MATCH(CLEAN!$P8,$A$6:$A$143,0))))) | X8: =IF($K8="","",IF(CLEAN!$O8<>"FBS",0,IF(ISNA(MATCH(CLEAN!$N8,'TEAM RATINGS'!$A$6:$A$143,0)),0,IF(INDEX('TEAM RATINGS'!$F$6:$F$143,MATCH(CLEAN!$N8,'TEAM RATINGS'!$A$6:$A$143,0))="",0,INDEX('TEAM RATINGS'!$F$6:$F$143,MATCH(CLEAN!$N8,'TEAM RATINGS'!$A$6:$A$143,0)))))) | Y8: =IF($K8="","",IF(CLEAN!$Q8<>"FBS",0,IF(ISNA(MATCH(CLEAN!$P8,'TEAM RATINGS'!$A$6:$A$143,0)),0,IF(INDEX('TEAM RATINGS'!$F$6:$F$143,MATCH(CLEAN!$P8,'TEAM RATINGS'!$A$6:$A$143,0))="",0,INDEX('TEAM RATINGS'!$F$6:$F$143,MATCH(CLEAN!$P8,'TEAM RATINGS'!$A$6:$A$143,0)))))) | Z8: =IF($K8="","",MIN(IF($X8="",0,$X8),IF($Y8="",0,$Y8)))
A9: =IF('TEAM RATINGS'!$A9="","",'TEAM RATINGS'!$A9) | B9: =IF($A9="","",SUMIFS(CLEAN!$X$6:$X$1005,CLEAN!$P$6:$P$1005,$A9)+SUMIFS(CLEAN!$Z$6:$Z$1005,CLEAN!$N$6:$N$1005,$A9)) | C9: =IF($A9="","",SUMIFS(CLEAN!$Y$6:$Y$1005,CLEAN!$P$6:$P$1005,$A9)+SUMIFS(CLEAN!$AA$6:$AA$1005,CLEAN!$N$6:$N$1005,$A9)) | D9: =IF($A9="","",IF($C9>0,$B9/$C9,"")) | E9: =IF($A9="","",IF(ISNA(MATCH($A9,'IMPORT STATS'!$K$6:$K$205,0)),"",IF(INDEX('IMPORT STATS'!$C$6:$C$205,MATCH($A9,'IMPORT STATS'!$K$6:$K$205,0))="","",INDEX('IMPORT STATS'!$C$6:$C$205,MATCH($A9,'IMPORT STATS'!$K$6:$K$205,0))))) | F9: =IF($A9="","",IF(ISNA(MATCH($A9,'IMPORT STATS'!$K$6:$K$205,0)),"",IF(INDEX('IMPORT STATS'!$D$6:$D$205,MATCH($A9,'IMPORT STATS'!$K$6:$K$205,0))="","",INDEX('IMPORT STATS'!$D$6:$D$205,MATCH($A9,'IMPORT STATS'!$K$6:$K$205,0))))) | G9: =IF(OR($E9="",$F9=""),"",($E9-$F9)*SETTINGS!$B$17) | H9: =IF($A9="","",IF(AND($D9="",$G9=""),"",IF($D9="",$G9,IF($G9="",$D9,SETTINGS!$B$18*$D9+SETTINGS!$B$19*$G9)))) | K9: =IF(CLEAN!$A9="","",CLEAN!$A9) | L9: =IF($K9="","",IF(ISNA(MATCH($K9,'MARKET LINES'!$A$6:$A$1005,0)),"",MATCH($K9,'MARKET LINES'!$A$6:$A$1005,0))) | M9: =IF($L9="","",IF(INDEX('MARKET LINES'!$O$6:$O$1005,$L9)="","",INDEX('MARKET LINES'!$O$6:$O$1005,$L9))) | N9: =IF(OR($L9="",$M9=""),"",IF(INDEX('MARKET LINES'!$D$6:$D$1005,$L9)="","",IF($M9=CLEAN!$AG9,-INDEX('MARKET LINES'!$D$6:$D$1005,$L9),IF($M9=CLEAN!$AF9,INDEX('MARKET LINES'!$D$6:$D$1005,$L9),"")))) | O9: =IF($L9="","",IF(INDEX('MARKET LINES'!$E$6:$E$1005,$L9)="","",INDEX('MARKET LINES'!$E$6:$E$1005,$L9))) | P9: =IF($L9="","",IF(INDEX('MARKET LINES'!$G$6:$G$1005,$L9)="","",INDEX('MARKET LINES'!$G$6:$G$1005,$L9))) | Q9: =IF(OR($L9="",$P9="",SETTINGS!$B$5=""),0,IF(SETTINGS!$B$5-$P9>SETTINGS!$B$13,1,0)) | R9: =IF($K9="",0,IF(COUNTIF('MARKET LINES'!$A$6:$A$1005,$K9)>1,1,0)) | S9: =IF($K9="",0,IF($L9="",1,IF(INDEX('MARKET LINES'!$D$6:$D$1005,$L9)="",1,0))) | T9: =IF(CLEAN!$N9="","",IF(ISNA(MATCH(CLEAN!$N9,$A$6:$A$143,0)),"",IF(INDEX($E$6:$E$143,MATCH(CLEAN!$N9,$A$6:$A$143,0))="","",INDEX($E$6:$E$143,MATCH(CLEAN!$N9,$A$6:$A$143,0))))) | U9: =IF(CLEAN!$N9="","",IF(ISNA(MATCH(CLEAN!$N9,$A$6:$A$143,0)),"",IF(INDEX($F$6:$F$143,MATCH(CLEAN!$N9,$A$6:$A$143,0))="","",INDEX($F$6:$F$143,MATCH(CLEAN!$N9,$A$6:$A$143,0))))) | V9: =IF(CLEAN!$P9="","",IF(ISNA(MATCH(CLEAN!$P9,$A$6:$A$143,0)),"",IF(INDEX($E$6:$E$143,MATCH(CLEAN!$P9,$A$6:$A$143,0))="","",INDEX($E$6:$E$143,MATCH(CLEAN!$P9,$A$6:$A$143,0))))) | W9: =IF(CLEAN!$P9="","",IF(ISNA(MATCH(CLEAN!$P9,$A$6:$A$143,0)),"",IF(INDEX($F$6:$F$143,MATCH(CLEAN!$P9,$A$6:$A$143,0))="","",INDEX($F$6:$F$143,MATCH(CLEAN!$P9,$A$6:$A$143,0))))) | X9: =IF($K9="","",IF(CLEAN!$O9<>"FBS",0,IF(ISNA(MATCH(CLEAN!$N9,'TEAM RATINGS'!$A$6:$A$143,0)),0,IF(INDEX('TEAM RATINGS'!$F$6:$F$143,MATCH(CLEAN!$N9,'TEAM RATINGS'!$A$6:$A$143,0))="",0,INDEX('TEAM RATINGS'!$F$6:$F$143,MATCH(CLEAN!$N9,'TEAM RATINGS'!$A$6:$A$143,0)))))) | Y9: =IF($K9="","",IF(CLEAN!$Q9<>"FBS",0,IF(ISNA(MATCH(CLEAN!$P9,'TEAM RATINGS'!$A$6:$A$143,0)),0,IF(INDEX('TEAM RATINGS'!$F$6:$F$143,MATCH(CLEAN!$P9,'TEAM RATINGS'!$A$6:$A$143,0))="",0,INDEX('TEAM RATINGS'!$F$6:$F$143,MATCH(CLEAN!$P9,'TEAM RATINGS'!$A$6:$A$143,0)))))) | Z9: =IF($K9="","",MIN(IF($X9="",0,$X9),IF($Y9="",0,$Y9)))
A10: =IF('TEAM RATINGS'!$A10="","",'TEAM RATINGS'!$A10) | B10: =IF($A10="","",SUMIFS(CLEAN!$X$6:$X$1005,CLEAN!$P$6:$P$1005,$A10)+SUMIFS(CLEAN!$Z$6:$Z$1005,CLEAN!$N$6:$N$1005,$A10)) | C10: =IF($A10="","",SUMIFS(CLEAN!$Y$6:$Y$1005,CLEAN!$P$6:$P$1005,$A10)+SUMIFS(CLEAN!$AA$6:$AA$1005,CLEAN!$N$6:$N$1005,$A10)) | D10: =IF($A10="","",IF($C10>0,$B10/$C10,"")) | E10: =IF($A10="","",IF(ISNA(MATCH($A10,'IMPORT STATS'!$K$6:$K$205,0)),"",IF(INDEX('IMPORT STATS'!$C$6:$C$205,MATCH($A10,'IMPORT STATS'!$K$6:$K$205,0))="","",INDEX('IMPORT STATS'!$C$6:$C$205,MATCH($A10,'IMPORT STATS'!$K$6:$K$205,0))))) | F10: =IF($A10="","",IF(ISNA(MATCH($A10,'IMPORT STATS'!$K$6:$K$205,0)),"",IF(INDEX('IMPORT STATS'!$D$6:$D$205,MATCH($A10,'IMPORT STATS'!$K$6:$K$205,0))="","",INDEX('IMPORT STATS'!$D$6:$D$205,MATCH($A10,'IMPORT STATS'!$K$6:$K$205,0))))) | G10: =IF(OR($E10="",$F10=""),"",($E10-$F10)*SETTINGS!$B$17) | H10: =IF($A10="","",IF(AND($D10="",$G10=""),"",IF($D10="",$G10,IF($G10="",$D10,SETTINGS!$B$18*$D10+SETTINGS!$B$19*$G10)))) | K10: =IF(CLEAN!$A10="","",CLEAN!$A10) | L10: =IF($K10="","",IF(ISNA(MATCH($K10,'MARKET LINES'!$A$6:$A$1005,0)),"",MATCH($K10,'MARKET LINES'!$A$6:$A$1005,0))) | M10: =IF($L10="","",IF(INDEX('MARKET LINES'!$O$6:$O$1005,$L10)="","",INDEX('MARKET LINES'!$O$6:$O$1005,$L10))) | N10: =IF(OR($L10="",$M10=""),"",IF(INDEX('MARKET LINES'!$D$6:$D$1005,$L10)="","",IF($M10=CLEAN!$AG10,-INDEX('MARKET LINES'!$D$6:$D$1005,$L10),IF($M10=CLEAN!$AF10,INDEX('MARKET LINES'!$D$6:$D$1005,$L10),"")))) | O10: =IF($L10="","",IF(INDEX('MARKET LINES'!$E$6:$E$1005,$L10)="","",INDEX('MARKET LINES'!$E$6:$E$1005,$L10))) | P10: =IF($L10="","",IF(INDEX('MARKET LINES'!$G$6:$G$1005,$L10)="","",INDEX('MARKET LINES'!$G$6:$G$1005,$L10))) | Q10: =IF(OR($L10="",$P10="",SETTINGS!$B$5=""),0,IF(SETTINGS!$B$5-$P10>SETTINGS!$B$13,1,0)) | R10: =IF($K10="",0,IF(COUNTIF('MARKET LINES'!$A$6:$A$1005,$K10)>1,1,0)) | S10: =IF($K10="",0,IF($L10="",1,IF(INDEX('MARKET LINES'!$D$6:$D$1005,$L10)="",1,0))) | T10: =IF(CLEAN!$N10="","",IF(ISNA(MATCH(CLEAN!$N10,$A$6:$A$143,0)),"",IF(INDEX($E$6:$E$143,MATCH(CLEAN!$N10,$A$6:$A$143,0))="","",INDEX($E$6:$E$143,MATCH(CLEAN!$N10,$A$6:$A$143,0))))) | U10: =IF(CLEAN!$N10="","",IF(ISNA(MATCH(CLEAN!$N10,$A$6:$A$143,0)),"",IF(INDEX($F$6:$F$143,MATCH(CLEAN!$N10,$A$6:$A$143,0))="","",INDEX($F$6:$F$143,MATCH(CLEAN!$N10,$A$6:$A$143,0))))) | V10: =IF(CLEAN!$P10="","",IF(ISNA(MATCH(CLEAN!$P10,$A$6:$A$143,0)),"",IF(INDEX($E$6:$E$143,MATCH(CLEAN!$P10,$A$6:$A$143,0))="","",INDEX($E$6:$E$143,MATCH(CLEAN!$P10,$A$6:$A$143,0))))) | W10: =IF(CLEAN!$P10="","",IF(ISNA(MATCH(CLEAN!$P10,$A$6:$A$143,0)),"",IF(INDEX($F$6:$F$143,MATCH(CLEAN!$P10,$A$6:$A$143,0))="","",INDEX($F$6:$F$143,MATCH(CLEAN!$P10,$A$6:$A$143,0))))) | X10: =IF($K10="","",IF(CLEAN!$O10<>"FBS",0,IF(ISNA(MATCH(CLEAN!$N10,'TEAM RATINGS'!$A$6:$A$143,0)),0,IF(INDEX('TEAM RATINGS'!$F$6:$F$143,MATCH(CLEAN!$N10,'TEAM RATINGS'!$A$6:$A$143,0))="",0,INDEX('TEAM RATINGS'!$F$6:$F$143,MATCH(CLEAN!$N10,'TEAM RATINGS'!$A$6:$A$143,0)))))) | Y10: =IF($K10="","",IF(CLEAN!$Q10<>"FBS",0,IF(ISNA(MATCH(CLEAN!$P10,'TEAM RATINGS'!$A$6:$A$143,0)),0,IF(INDEX('TEAM RATINGS'!$F$6:$F$143,MATCH(CLEAN!$P10,'TEAM RATINGS'!$A$6:$A$143,0))="",0,INDEX('TEAM RATINGS'!$F$6:$F$143,MATCH(CLEAN!$P10,'TEAM RATINGS'!$A$6:$A$143,0)))))) | Z10: =IF($K10="","",MIN(IF($X10="",0,$X10),IF($Y10="",0,$Y10)))
A11: =IF('TEAM RATINGS'!$A11="","",'TEAM RATINGS'!$A11) | B11: =IF($A11="","",SUMIFS(CLEAN!$X$6:$X$1005,CLEAN!$P$6:$P$1005,$A11)+SUMIFS(CLEAN!$Z$6:$Z$1005,CLEAN!$N$6:$N$1005,$A11)) | C11: =IF($A11="","",SUMIFS(CLEAN!$Y$6:$Y$1005,CLEAN!$P$6:$P$1005,$A11)+SUMIFS(CLEAN!$AA$6:$AA$1005,CLEAN!$N$6:$N$1005,$A11)) | D11: =IF($A11="","",IF($C11>0,$B11/$C11,"")) | E11: =IF($A11="","",IF(ISNA(MATCH($A11,'IMPORT STATS'!$K$6:$K$205,0)),"",IF(INDEX('IMPORT STATS'!$C$6:$C$205,MATCH($A11,'IMPORT STATS'!$K$6:$K$205,0))="","",INDEX('IMPORT STATS'!$C$6:$C$205,MATCH($A11,'IMPORT STATS'!$K$6:$K$205,0))))) | F11: =IF($A11="","",IF(ISNA(MATCH($A11,'IMPORT STATS'!$K$6:$K$205,0)),"",IF(INDEX('IMPORT STATS'!$D$6:$D$205,MATCH($A11,'IMPORT STATS'!$K$6:$K$205,0))="","",INDEX('IMPORT STATS'!$D$6:$D$205,MATCH($A11,'IMPORT STATS'!$K$6:$K$205,0))))) | G11: =IF(OR($E11="",$F11=""),"",($E11-$F11)*SETTINGS!$B$17) | H11: =IF($A11="","",IF(AND($D11="",$G11=""),"",IF($D11="",$G11,IF($G11="",$D11,SETTINGS!$B$18*$D11+SETTINGS!$B$19*$G11)))) | K11: =IF(CLEAN!$A11="","",CLEAN!$A11) | L11: =IF($K11="","",IF(ISNA(MATCH($K11,'MARKET LINES'!$A$6:$A$1005,0)),"",MATCH($K11,'MARKET LINES'!$A$6:$A$1005,0))) | M11: =IF($L11="","",IF(INDEX('MARKET LINES'!$O$6:$O$1005,$L11)="","",INDEX('MARKET LINES'!$O$6:$O$1005,$L11))) | N11: =IF(OR($L11="",$M11=""),"",IF(INDEX('MARKET LINES'!$D$6:$D$1005,$L11)="","",IF($M11=CLEAN!$AG11,-INDEX('MARKET LINES'!$D$6:$D$1005,$L11),IF($M11=CLEAN!$AF11,INDEX('MARKET LINES'!$D$6:$D$1005,$L11),"")))) | O11: =IF($L11="","",IF(INDEX('MARKET LINES'!$E$6:$E$1005,$L11)="","",INDEX('MARKET LINES'!$E$6:$E$1005,$L11))) | P11: =IF($L11="","",IF(INDEX('MARKET LINES'!$G$6:$G$1005,$L11)="","",INDEX('MARKET LINES'!$G$6:$G$1005,$L11))) | Q11: =IF(OR($L11="",$P11="",SETTINGS!$B$5=""),0,IF(SETTINGS!$B$5-$P11>SETTINGS!$B$13,1,0)) | R11: =IF($K11="",0,IF(COUNTIF('MARKET LINES'!$A$6:$A$1005,$K11)>1,1,0)) | S11: =IF($K11="",0,IF($L11="",1,IF(INDEX('MARKET LINES'!$D$6:$D$1005,$L11)="",1,0))) | T11: =IF(CLEAN!$N11="","",IF(ISNA(MATCH(CLEAN!$N11,$A$6:$A$143,0)),"",IF(INDEX($E$6:$E$143,MATCH(CLEAN!$N11,$A$6:$A$143,0))="","",INDEX($E$6:$E$143,MATCH(CLEAN!$N11,$A$6:$A$143,0))))) | U11: =IF(CLEAN!$N11="","",IF(ISNA(MATCH(CLEAN!$N11,$A$6:$A$143,0)),"",IF(INDEX($F$6:$F$143,MATCH(CLEAN!$N11,$A$6:$A$143,0))="","",INDEX($F$6:$F$143,MATCH(CLEAN!$N11,$A$6:$A$143,0))))) | V11: =IF(CLEAN!$P11="","",IF(ISNA(MATCH(CLEAN!$P11,$A$6:$A$143,0)),"",IF(INDEX($E$6:$E$143,MATCH(CLEAN!$P11,$A$6:$A$143,0))="","",INDEX($E$6:$E$143,MATCH(CLEAN!$P11,$A$6:$A$143,0))))) | W11: =IF(CLEAN!$P11="","",IF(ISNA(MATCH(CLEAN!$P11,$A$6:$A$143,0)),"",IF(INDEX($F$6:$F$143,MATCH(CLEAN!$P11,$A$6:$A$143,0))="","",INDEX($F$6:$F$143,MATCH(CLEAN!$P11,$A$6:$A$143,0))))) | X11: =IF($K11="","",IF(CLEAN!$O11<>"FBS",0,IF(ISNA(MATCH(CLEAN!$N11,'TEAM RATINGS'!$A$6:$A$143,0)),0,IF(INDEX('TEAM RATINGS'!$F$6:$F$143,MATCH(CLEAN!$N11,'TEAM RATINGS'!$A$6:$A$143,0))="",0,INDEX('TEAM RATINGS'!$F$6:$F$143,MATCH(CLEAN!$N11,'TEAM RATINGS'!$A$6:$A$143,0)))))) | Y11: =IF($K11="","",IF(CLEAN!$Q11<>"FBS",0,IF(ISNA(MATCH(CLEAN!$P11,'TEAM RATINGS'!$A$6:$A$143,0)),0,IF(INDEX('TEAM RATINGS'!$F$6:$F$143,MATCH(CLEAN!$P11,'TEAM RATINGS'!$A$6:$A$143,0))="",0,INDEX('TEAM RATINGS'!$F$6:$F$143,MATCH(CLEAN!$P11,'TEAM RATINGS'!$A$6:$A$143,0)))))) | Z11: =IF($K11="","",MIN(IF($X11="",0,$X11),IF($Y11="",0,$Y11)))
A12: =IF('TEAM RATINGS'!$A12="","",'TEAM RATINGS'!$A12) | B12: =IF($A12="","",SUMIFS(CLEAN!$X$6:$X$1005,CLEAN!$P$6:$P$1005,$A12)+SUMIFS(CLEAN!$Z$6:$Z$1005,CLEAN!$N$6:$N$1005,$A12)) | C12: =IF($A12="","",SUMIFS(CLEAN!$Y$6:$Y$1005,CLEAN!$P$6:$P$1005,$A12)+SUMIFS(CLEAN!$AA$6:$AA$1005,CLEAN!$N$6:$N$1005,$A12)) | D12: =IF($A12="","",IF($C12>0,$B12/$C12,"")) | E12: =IF($A12="","",IF(ISNA(MATCH($A12,'IMPORT STATS'!$K$6:$K$205,0)),"",IF(INDEX('IMPORT STATS'!$C$6:$C$205,MATCH($A12,'IMPORT STATS'!$K$6:$K$205,0))="","",INDEX('IMPORT STATS'!$C$6:$C$205,MATCH($A12,'IMPORT STATS'!$K$6:$K$205,0))))) | F12: =IF($A12="","",IF(ISNA(MATCH($A12,'IMPORT STATS'!$K$6:$K$205,0)),"",IF(INDEX('IMPORT STATS'!$D$6:$D$205,MATCH($A12,'IMPORT STATS'!$K$6:$K$205,0))="","",INDEX('IMPORT STATS'!$D$6:$D$205,MATCH($A12,'IMPORT STATS'!$K$6:$K$205,0))))) | G12: =IF(OR($E12="",$F12=""),"",($E12-$F12)*SETTINGS!$B$17) | H12: =IF($A12="","",IF(AND($D12="",$G12=""),"",IF($D12="",$G12,IF($G12="",$D12,SETTINGS!$B$18*$D12+SETTINGS!$B$19*$G12))))
A13: =IF('TEAM RATINGS'!$A13="","",'TEAM RATINGS'!$A13) | B13: =IF($A13="","",SUMIFS(CLEAN!$X$6:$X$1005,CLEAN!$P$6:$P$1005,$A13)+SUMIFS(CLEAN!$Z$6:$Z$1005,CLEAN!$N$6:$N$1005,$A13)) | C13: =IF($A13="","",SUMIFS(CLEAN!$Y$6:$Y$1005,CLEAN!$P$6:$P$1005,$A13)+SUMIFS(CLEAN!$AA$6:$AA$1005,CLEAN!$N$6:$N$1005,$A13)) | D13: =IF($A13="","",IF($C13>0,$B13/$C13,"")) | E13: =IF($A13="","",IF(ISNA(MATCH($A13,'IMPORT STATS'!$K$6:$K$205,0)),"",IF(INDEX('IMPORT STATS'!$C$6:$C$205,MATCH($A13,'IMPORT STATS'!$K$6:$K$205,0))="","",INDEX('IMPORT STATS'!$C$6:$C$205,MATCH($A13,'IMPORT STATS'!$K$6:$K$205,0))))) | F13: =IF($A13="","",IF(ISNA(MATCH($A13,'IMPORT STATS'!$K$6:$K$205,0)),"",IF(INDEX('IMPORT STATS'!$D$6:$D$205,MATCH($A13,'IMPORT STATS'!$K$6:$K$205,0))="","",INDEX('IMPORT STATS'!$D$6:$D$205,MATCH($A13,'IMPORT STATS'!$K$6:$K$205,0))))) | G13: =IF(OR($E13="",$F13=""),"",($E13-$F13)*SETTINGS!$B$17) | H13: =IF($A13="","",IF(AND($D13="",$G13=""),"",IF($D13="",$G13,IF($G13="",$D13,SETTINGS!$B$18*$D13+SETTINGS!$B$19*$G13))))
A14: =IF('TEAM RATINGS'!$A14="","",'TEAM RATINGS'!$A14) | B14: =IF($A14="","",SUMIFS(CLEAN!$X$6:$X$1005,CLEAN!$P$6:$P$1005,$A14)+SUMIFS(CLEAN!$Z$6:$Z$1005,CLEAN!$N$6:$N$1005,$A14)) | C14: =IF($A14="","",SUMIFS(CLEAN!$Y$6:$Y$1005,CLEAN!$P$6:$P$1005,$A14)+SUMIFS(CLEAN!$AA$6:$AA$1005,CLEAN!$N$6:$N$1005,$A14)) | D14: =IF($A14="","",IF($C14>0,$B14/$C14,"")) | E14: =IF($A14="","",IF(ISNA(MATCH($A14,'IMPORT STATS'!$K$6:$K$205,0)),"",IF(INDEX('IMPORT STATS'!$C$6:$C$205,MATCH($A14,'IMPORT STATS'!$K$6:$K$205,0))="","",INDEX('IMPORT STATS'!$C$6:$C$205,MATCH($A14,'IMPORT STATS'!$K$6:$K$205,0))))) | F14: =IF($A14="","",IF(ISNA(MATCH($A14,'IMPORT STATS'!$K$6:$K$205,0)),"",IF(INDEX('IMPORT STATS'!$D$6:$D$205,MATCH($A14,'IMPORT STATS'!$K$6:$K$205,0))="","",INDEX('IMPORT STATS'!$D$6:$D$205,MATCH($A14,'IMPORT STATS'!$K$6:$K$205,0))))) | G14: =IF(OR($E14="",$F14=""),"",($E14-$F14)*SETTINGS!$B$17) | H14: =IF($A14="","",IF(AND($D14="",$G14=""),"",IF($D14="",$G14,IF($G14="",$D14,SETTINGS!$B$18*$D14+SETTINGS!$B$19*$G14)))) | K14: =IF(CLEAN!$A14="","",CLEAN!$A14) | L14: =IF($K14="","",IF(ISNA(MATCH($K14,'MARKET LINES'!$A$6:$A$1005,0)),"",MATCH($K14,'MARKET LINES'!$A$6:$A$1005,0))) | M14: =IF($L14="","",IF(INDEX('MARKET LINES'!$O$6:$O$1005,$L14)="","",INDEX('MARKET LINES'!$O$6:$O$1005,$L14))) | N14: =IF(OR($L14="",$M14=""),"",IF(INDEX('MARKET LINES'!$D$6:$D$1005,$L14)="","",IF($M14=CLEAN!$AG14,-INDEX('MARKET LINES'!$D$6:$D$1005,$L14),IF($M14=CLEAN!$AF14,INDEX('MARKET LINES'!$D$6:$D$1005,$L14),"")))) | O14: =IF($L14="","",IF(INDEX('MARKET LINES'!$E$6:$E$1005,$L14)="","",INDEX('MARKET LINES'!$E$6:$E$1005,$L14))) | P14: =IF($L14="","",IF(INDEX('MARKET LINES'!$G$6:$G$1005,$L14)="","",INDEX('MARKET LINES'!$G$6:$G$1005,$L14))) | Q14: =IF(OR($L14="",$P14="",SETTINGS!$B$5=""),0,IF(SETTINGS!$B$5-$P14>SETTINGS!$B$13,1,0)) | R14: =IF($K14="",0,IF(COUNTIF('MARKET LINES'!$A$6:$A$1005,$K14)>1,1,0)) | S14: =IF($K14="",0,IF($L14="",1,IF(INDEX('MARKET LINES'!$D$6:$D$1005,$L14)="",1,0))) | T14: =IF(CLEAN!$N14="","",IF(ISNA(MATCH(CLEAN!$N14,$A$6:$A$143,0)),"",IF(INDEX($E$6:$E$143,MATCH(CLEAN!$N14,$A$6:$A$143,0))="","",INDEX($E$6:$E$143,MATCH(CLEAN!$N14,$A$6:$A$143,0))))) | U14: =IF(CLEAN!$N14="","",IF(ISNA(MATCH(CLEAN!$N14,$A$6:$A$143,0)),"",IF(INDEX($F$6:$F$143,MATCH(CLEAN!$N14,$A$6:$A$143,0))="","",INDEX($F$6:$F$143,MATCH(CLEAN!$N14,$A$6:$A$143,0))))) | V14: =IF(CLEAN!$P14="","",IF(ISNA(MATCH(CLEAN!$P14,$A$6:$A$143,0)),"",IF(INDEX($E$6:$E$143,MATCH(CLEAN!$P14,$A$6:$A$143,0))="","",INDEX($E$6:$E$143,MATCH(CLEAN!$P14,$A$6:$A$143,0))))) | W14: =IF(CLEAN!$P14="","",IF(ISNA(MATCH(CLEAN!$P14,$A$6:$A$143,0)),"",IF(INDEX($F$6:$F$143,MATCH(CLEAN!$P14,$A$6:$A$143,0))="","",INDEX($F$6:$F$143,MATCH(CLEAN!$P14,$A$6:$A$143,0))))) | X14: =IF($K14="","",IF(CLEAN!$O14<>"FBS",0,IF(ISNA(MATCH(CLEAN!$N14,'TEAM RATINGS'!$A$6:$A$143,0)),0,IF(INDEX('TEAM RATINGS'!$F$6:$F$143,MATCH(CLEAN!$N14,'TEAM RATINGS'!$A$6:$A$143,0))="",0,INDEX('TEAM RATINGS'!$F$6:$F$143,MATCH(CLEAN!$N14,'TEAM RATINGS'!$A$6:$A$143,0)))))) | Y14: =IF($K14="","",IF(CLEAN!$Q14<>"FBS",0,IF(ISNA(MATCH(CLEAN!$P14,'TEAM RATINGS'!$A$6:$A$143,0)),0,IF(INDEX('TEAM RATINGS'!$F$6:$F$143,MATCH(CLEAN!$P14,'TEAM RATINGS'!$A$6:$A$143,0))="",0,INDEX('TEAM RATINGS'!$F$6:$F$143,MATCH(CLEAN!$P14,'TEAM RATINGS'!$A$6:$A$143,0)))))) | Z14: =IF($K14="","",MIN(IF($X14="",0,$X14),IF($Y14="",0,$Y14)))
A15: =IF('TEAM RATINGS'!$A15="","",'TEAM RATINGS'!$A15) | B15: =IF($A15="","",SUMIFS(CLEAN!$X$6:$X$1005,CLEAN!$P$6:$P$1005,$A15)+SUMIFS(CLEAN!$Z$6:$Z$1005,CLEAN!$N$6:$N$1005,$A15)) | C15: =IF($A15="","",SUMIFS(CLEAN!$Y$6:$Y$1005,CLEAN!$P$6:$P$1005,$A15)+SUMIFS(CLEAN!$AA$6:$AA$1005,CLEAN!$N$6:$N$1005,$A15)) | D15: =IF($A15="","",IF($C15>0,$B15/$C15,"")) | E15: =IF($A15="","",IF(ISNA(MATCH($A15,'IMPORT STATS'!$K$6:$K$205,0)),"",IF(INDEX('IMPORT STATS'!$C$6:$C$205,MATCH($A15,'IMPORT STATS'!$K$6:$K$205,0))="","",INDEX('IMPORT STATS'!$C$6:$C$205,MATCH($A15,'IMPORT STATS'!$K$6:$K$205,0))))) | F15: =IF($A15="","",IF(ISNA(MATCH($A15,'IMPORT STATS'!$K$6:$K$205,0)),"",IF(INDEX('IMPORT STATS'!$D$6:$D$205,MATCH($A15,'IMPORT STATS'!$K$6:$K$205,0))="","",INDEX('IMPORT STATS'!$D$6:$D$205,MATCH($A15,'IMPORT STATS'!$K$6:$K$205,0))))) | G15: =IF(OR($E15="",$F15=""),"",($E15-$F15)*SETTINGS!$B$17) | H15: =IF($A15="","",IF(AND($D15="",$G15=""),"",IF($D15="",$G15,IF($G15="",$D15,SETTINGS!$B$18*$D15+SETTINGS!$B$19*$G15)))) | K15: =IF(CLEAN!$A15="","",CLEAN!$A15) | L15: =IF($K15="","",IF(ISNA(MATCH($K15,'MARKET LINES'!$A$6:$A$1005,0)),"",MATCH($K15,'MARKET LINES'!$A$6:$A$1005,0))) | M15: =IF($L15="","",IF(INDEX('MARKET LINES'!$O$6:$O$1005,$L15)="","",INDEX('MARKET LINES'!$O$6:$O$1005,$L15))) | N15: =IF(OR($L15="",$M15=""),"",IF(INDEX('MARKET LINES'!$D$6:$D$1005,$L15)="","",IF($M15=CLEAN!$AG15,-INDEX('MARKET LINES'!$D$6:$D$1005,$L15),IF($M15=CLEAN!$AF15,INDEX('MARKET LINES'!$D$6:$D$1005,$L15),"")))) | O15: =IF($L15="","",IF(INDEX('MARKET LINES'!$E$6:$E$1005,$L15)="","",INDEX('MARKET LINES'!$E$6:$E$1005,$L15))) | P15: =IF($L15="","",IF(INDEX('MARKET LINES'!$G$6:$G$1005,$L15)="","",INDEX('MARKET LINES'!$G$6:$G$1005,$L15))) | Q15: =IF(OR($L15="",$P15="",SETTINGS!$B$5=""),0,IF(SETTINGS!$B$5-$P15>SETTINGS!$B$13,1,0)) | R15: =IF($K15="",0,IF(COUNTIF('MARKET LINES'!$A$6:$A$1005,$K15)>1,1,0)) | S15: =IF($K15="",0,IF($L15="",1,IF(INDEX('MARKET LINES'!$D$6:$D$1005,$L15)="",1,0))) | T15: =IF(CLEAN!$N15="","",IF(ISNA(MATCH(CLEAN!$N15,$A$6:$A$143,0)),"",IF(INDEX($E$6:$E$143,MATCH(CLEAN!$N15,$A$6:$A$143,0))="","",INDEX($E$6:$E$143,MATCH(CLEAN!$N15,$A$6:$A$143,0))))) | U15: =IF(CLEAN!$N15="","",IF(ISNA(MATCH(CLEAN!$N15,$A$6:$A$143,0)),"",IF(INDEX($F$6:$F$143,MATCH(CLEAN!$N15,$A$6:$A$143,0))="","",INDEX($F$6:$F$143,MATCH(CLEAN!$N15,$A$6:$A$143,0))))) | V15: =IF(CLEAN!$P15="","",IF(ISNA(MATCH(CLEAN!$P15,$A$6:$A$143,0)),"",IF(INDEX($E$6:$E$143,MATCH(CLEAN!$P15,$A$6:$A$143,0))="","",INDEX($E$6:$E$143,MATCH(CLEAN!$P15,$A$6:$A$143,0))))) | W15: =IF(CLEAN!$P15="","",IF(ISNA(MATCH(CLEAN!$P15,$A$6:$A$143,0)),"",IF(INDEX($F$6:$F$143,MATCH(CLEAN!$P15,$A$6:$A$143,0))="","",INDEX($F$6:$F$143,MATCH(CLEAN!$P15,$A$6:$A$143,0))))) | X15: =IF($K15="","",IF(CLEAN!$O15<>"FBS",0,IF(ISNA(MATCH(CLEAN!$N15,'TEAM RATINGS'!$A$6:$A$143,0)),0,IF(INDEX('TEAM RATINGS'!$F$6:$F$143,MATCH(CLEAN!$N15,'TEAM RATINGS'!$A$6:$A$143,0))="",0,INDEX('TEAM RATINGS'!$F$6:$F$143,MATCH(CLEAN!$N15,'TEAM RATINGS'!$A$6:$A$143,0)))))) | Y15: =IF($K15="","",IF(CLEAN!$Q15<>"FBS",0,IF(ISNA(MATCH(CLEAN!$P15,'TEAM RATINGS'!$A$6:$A$143,0)),0,IF(INDEX('TEAM RATINGS'!$F$6:$F$143,MATCH(CLEAN!$P15,'TEAM RATINGS'!$A$6:$A$143,0))="",0,INDEX('TEAM RATINGS'!$F$6:$F$143,MATCH(CLEAN!$P15,'TEAM RATINGS'!$A$6:$A$143,0)))))) | Z15: =IF($K15="","",MIN(IF($X15="",0,$X15),IF($Y15="",0,$Y15)))
A16: =IF('TEAM RATINGS'!$A16="","",'TEAM RATINGS'!$A16) | B16: =IF($A16="","",SUMIFS(CLEAN!$X$6:$X$1005,CLEAN!$P$6:$P$1005,$A16)+SUMIFS(CLEAN!$Z$6:$Z$1005,CLEAN!$N$6:$N$1005,$A16)) | C16: =IF($A16="","",SUMIFS(CLEAN!$Y$6:$Y$1005,CLEAN!$P$6:$P$1005,$A16)+SUMIFS(CLEAN!$AA$6:$AA$1005,CLEAN!$N$6:$N$1005,$A16)) | D16: =IF($A16="","",IF($C16>0,$B16/$C16,"")) | E16: =IF($A16="","",IF(ISNA(MATCH($A16,'IMPORT STATS'!$K$6:$K$205,0)),"",IF(INDEX('IMPORT STATS'!$C$6:$C$205,MATCH($A16,'IMPORT STATS'!$K$6:$K$205,0))="","",INDEX('IMPORT STATS'!$C$6:$C$205,MATCH($A16,'IMPORT STATS'!$K$6:$K$205,0))))) | F16: =IF($A16="","",IF(ISNA(MATCH($A16,'IMPORT STATS'!$K$6:$K$205,0)),"",IF(INDEX('IMPORT STATS'!$D$6:$D$205,MATCH($A16,'IMPORT STATS'!$K$6:$K$205,0))="","",INDEX('IMPORT STATS'!$D$6:$D$205,MATCH($A16,'IMPORT STATS'!$K$6:$K$205,0))))) | G16: =IF(OR($E16="",$F16=""),"",($E16-$F16)*SETTINGS!$B$17) | H16: =IF($A16="","",IF(AND($D16="",$G16=""),"",IF($D16="",$G16,IF($G16="",$D16,SETTINGS!$B$18*$D16+SETTINGS!$B$19*$G16))))
A17: =IF('TEAM RATINGS'!$A17="","",'TEAM RATINGS'!$A17) | B17: =IF($A17="","",SUMIFS(CLEAN!$X$6:$X$1005,CLEAN!$P$6:$P$1005,$A17)+SUMIFS(CLEAN!$Z$6:$Z$1005,CLEAN!$N$6:$N$1005,$A17)) | C17: =IF($A17="","",SUMIFS(CLEAN!$Y$6:$Y$1005,CLEAN!$P$6:$P$1005,$A17)+SUMIFS(CLEAN!$AA$6:$AA$1005,CLEAN!$N$6:$N$1005,$A17)) | D17: =IF($A17="","",IF($C17>0,$B17/$C17,"")) | E17: =IF($A17="","",IF(ISNA(MATCH($A17,'IMPORT STATS'!$K$6:$K$205,0)),"",IF(INDEX('IMPORT STATS'!$C$6:$C$205,MATCH($A17,'IMPORT STATS'!$K$6:$K$205,0))="","",INDEX('IMPORT STATS'!$C$6:$C$205,MATCH($A17,'IMPORT STATS'!$K$6:$K$205,0))))) | F17: =IF($A17="","",IF(ISNA(MATCH($A17,'IMPORT STATS'!$K$6:$K$205,0)),"",IF(INDEX('IMPORT STATS'!$D$6:$D$205,MATCH($A17,'IMPORT STATS'!$K$6:$K$205,0))="","",INDEX('IMPORT STATS'!$D$6:$D$205,MATCH($A17,'IMPORT STATS'!$K$6:$K$205,0))))) | G17: =IF(OR($E17="",$F17=""),"",($E17-$F17)*SETTINGS!$B$17) | H17: =IF($A17="","",IF(AND($D17="",$G17=""),"",IF($D17="",$G17,IF($G17="",$D17,SETTINGS!$B$18*$D17+SETTINGS!$B$19*$G17))))
A18: =IF('TEAM RATINGS'!$A18="","",'TEAM RATINGS'!$A18) | B18: =IF($A18="","",SUMIFS(CLEAN!$X$6:$X$1005,CLEAN!$P$6:$P$1005,$A18)+SUMIFS(CLEAN!$Z$6:$Z$1005,CLEAN!$N$6:$N$1005,$A18)) | C18: =IF($A18="","",SUMIFS(CLEAN!$Y$6:$Y$1005,CLEAN!$P$6:$P$1005,$A18)+SUMIFS(CLEAN!$AA$6:$AA$1005,CLEAN!$N$6:$N$1005,$A18)) | D18: =IF($A18="","",IF($C18>0,$B18/$C18,"")) | E18: =IF($A18="","",IF(ISNA(MATCH($A18,'IMPORT STATS'!$K$6:$K$205,0)),"",IF(INDEX('IMPORT STATS'!$C$6:$C$205,MATCH($A18,'IMPORT STATS'!$K$6:$K$205,0))="","",INDEX('IMPORT STATS'!$C$6:$C$205,MATCH($A18,'IMPORT STATS'!$K$6:$K$205,0))))) | F18: =IF($A18="","",IF(ISNA(MATCH($A18,'IMPORT STATS'!$K$6:$K$205,0)),"",IF(INDEX('IMPORT STATS'!$D$6:$D$205,MATCH($A18,'IMPORT STATS'!$K$6:$K$205,0))="","",INDEX('IMPORT STATS'!$D$6:$D$205,MATCH($A18,'IMPORT STATS'!$K$6:$K$205,0))))) | G18: =IF(OR($E18="",$F18=""),"",($E18-$F18)*SETTINGS!$B$17) | H18: =IF($A18="","",IF(AND($D18="",$G18=""),"",IF($D18="",$G18,IF($G18="",$D18,SETTINGS!$B$18*$D18+SETTINGS!$B$19*$G18))))
A19: =IF('TEAM RATINGS'!$A19="","",'TEAM RATINGS'!$A19) | B19: =IF($A19="","",SUMIFS(CLEAN!$X$6:$X$1005,CLEAN!$P$6:$P$1005,$A19)+SUMIFS(CLEAN!$Z$6:$Z$1005,CLEAN!$N$6:$N$1005,$A19)) | C19: =IF($A19="","",SUMIFS(CLEAN!$Y$6:$Y$1005,CLEAN!$P$6:$P$1005,$A19)+SUMIFS(CLEAN!$AA$6:$AA$1005,CLEAN!$N$6:$N$1005,$A19)) | D19: =IF($A19="","",IF($C19>0,$B19/$C19,"")) | E19: =IF($A19="","",IF(ISNA(MATCH($A19,'IMPORT STATS'!$K$6:$K$205,0)),"",IF(INDEX('IMPORT STATS'!$C$6:$C$205,MATCH($A19,'IMPORT STATS'!$K$6:$K$205,0))="","",INDEX('IMPORT STATS'!$C$6:$C$205,MATCH($A19,'IMPORT STATS'!$K$6:$K$205,0))))) | F19: =IF($A19="","",IF(ISNA(MATCH($A19,'IMPORT STATS'!$K$6:$K$205,0)),"",IF(INDEX('IMPORT STATS'!$D$6:$D$205,MATCH($A19,'IMPORT STATS'!$K$6:$K$205,0))="","",INDEX('IMPORT STATS'!$D$6:$D$205,MATCH($A19,'IMPORT STATS'!$K$6:$K$205,0))))) | G19: =IF(OR($E19="",$F19=""),"",($E19-$F19)*SETTINGS!$B$17) | H19: =IF($A19="","",IF(AND($D19="",$G19=""),"",IF($D19="",$G19,IF($G19="",$D19,SETTINGS!$B$18*$D19+SETTINGS!$B$19*$G19))))
A20: =IF('TEAM RATINGS'!$A20="","",'TEAM RATINGS'!$A20) | B20: =IF($A20="","",SUMIFS(CLEAN!$X$6:$X$1005,CLEAN!$P$6:$P$1005,$A20)+SUMIFS(CLEAN!$Z$6:$Z$1005,CLEAN!$N$6:$N$1005,$A20)) | C20: =IF($A20="","",SUMIFS(CLEAN!$Y$6:$Y$1005,CLEAN!$P$6:$P$1005,$A20)+SUMIFS(CLEAN!$AA$6:$AA$1005,CLEAN!$N$6:$N$1005,$A20)) | D20: =IF($A20="","",IF($C20>0,$B20/$C20,"")) | E20: =IF($A20="","",IF(ISNA(MATCH($A20,'IMPORT STATS'!$K$6:$K$205,0)),"",IF(INDEX('IMPORT STATS'!$C$6:$C$205,MATCH($A20,'IMPORT STATS'!$K$6:$K$205,0))="","",INDEX('IMPORT STATS'!$C$6:$C$205,MATCH($A20,'IMPORT STATS'!$K$6:$K$205,0))))) | F20: =IF($A20="","",IF(ISNA(MATCH($A20,'IMPORT STATS'!$K$6:$K$205,0)),"",IF(INDEX('IMPORT STATS'!$D$6:$D$205,MATCH($A20,'IMPORT STATS'!$K$6:$K$205,0))="","",INDEX('IMPORT STATS'!$D$6:$D$205,MATCH($A20,'IMPORT STATS'!$K$6:$K$205,0))))) | G20: =IF(OR($E20="",$F20=""),"",($E20-$F20)*SETTINGS!$B$17) | H20: =IF($A20="","",IF(AND($D20="",$G20=""),"",IF($D20="",$G20,IF($G20="",$D20,SETTINGS!$B$18*$D20+SETTINGS!$B$19*$G20))))
A21: =IF('TEAM RATINGS'!$A21="","",'TEAM RATINGS'!$A21) | B21: =IF($A21="","",SUMIFS(CLEAN!$X$6:$X$1005,CLEAN!$P$6:$P$1005,$A21)+SUMIFS(CLEAN!$Z$6:$Z$1005,CLEAN!$N$6:$N$1005,$A21)) | C21: =IF($A21="","",SUMIFS(CLEAN!$Y$6:$Y$1005,CLEAN!$P$6:$P$1005,$A21)+SUMIFS(CLEAN!$AA$6:$AA$1005,CLEAN!$N$6:$N$1005,$A21)) | D21: =IF($A21="","",IF($C21>0,$B21/$C21,"")) | E21: =IF($A21="","",IF(ISNA(MATCH($A21,'IMPORT STATS'!$K$6:$K$205,0)),"",IF(INDEX('IMPORT STATS'!$C$6:$C$205,MATCH($A21,'IMPORT STATS'!$K$6:$K$205,0))="","",INDEX('IMPORT STATS'!$C$6:$C$205,MATCH($A21,'IMPORT STATS'!$K$6:$K$205,0))))) | F21: =IF($A21="","",IF(ISNA(MATCH($A21,'IMPORT STATS'!$K$6:$K$205,0)),"",IF(INDEX('IMPORT STATS'!$D$6:$D$205,MATCH($A21,'IMPORT STATS'!$K$6:$K$205,0))="","",INDEX('IMPORT STATS'!$D$6:$D$205,MATCH($A21,'IMPORT STATS'!$K$6:$K$205,0))))) | G21: =IF(OR($E21="",$F21=""),"",($E21-$F21)*SETTINGS!$B$17) | H21: =IF($A21="","",IF(AND($D21="",$G21=""),"",IF($D21="",$G21,IF($G21="",$D21,SETTINGS!$B$18*$D21+SETTINGS!$B$19*$G21))))
A22: =IF('TEAM RATINGS'!$A22="","",'TEAM RATINGS'!$A22) | B22: =IF($A22="","",SUMIFS(CLEAN!$X$6:$X$1005,CLEAN!$P$6:$P$1005,$A22)+SUMIFS(CLEAN!$Z$6:$Z$1005,CLEAN!$N$6:$N$1005,$A22)) | C22: =IF($A22="","",SUMIFS(CLEAN!$Y$6:$Y$1005,CLEAN!$P$6:$P$1005,$A22)+SUMIFS(CLEAN!$AA$6:$AA$1005,CLEAN!$N$6:$N$1005,$A22)) | D22: =IF($A22="","",IF($C22>0,$B22/$C22,"")) | E22: =IF($A22="","",IF(ISNA(MATCH($A22,'IMPORT STATS'!$K$6:$K$205,0)),"",IF(INDEX('IMPORT STATS'!$C$6:$C$205,MATCH($A22,'IMPORT STATS'!$K$6:$K$205,0))="","",INDEX('IMPORT STATS'!$C$6:$C$205,MATCH($A22,'IMPORT STATS'!$K$6:$K$205,0))))) | F22: =IF($A22="","",IF(ISNA(MATCH($A22,'IMPORT STATS'!$K$6:$K$205,0)),"",IF(INDEX('IMPORT STATS'!$D$6:$D$205,MATCH($A22,'IMPORT STATS'!$K$6:$K$205,0))="","",INDEX('IMPORT STATS'!$D$6:$D$205,MATCH($A22,'IMPORT STATS'!$K$6:$K$205,0))))) | G22: =IF(OR($E22="",$F22=""),"",($E22-$F22)*SETTINGS!$B$17) | H22: =IF($A22="","",IF(AND($D22="",$G22=""),"",IF($D22="",$G22,IF($G22="",$D22,SETTINGS!$B$18*$D22+SETTINGS!$B$19*$G22))))
A23: =IF('TEAM RATINGS'!$A23="","",'TEAM RATINGS'!$A23) | B23: =IF($A23="","",SUMIFS(CLEAN!$X$6:$X$1005,CLEAN!$P$6:$P$1005,$A23)+SUMIFS(CLEAN!$Z$6:$Z$1005,CLEAN!$N$6:$N$1005,$A23)) | C23: =IF($A23="","",SUMIFS(CLEAN!$Y$6:$Y$1005,CLEAN!$P$6:$P$1005,$A23)+SUMIFS(CLEAN!$AA$6:$AA$1005,CLEAN!$N$6:$N$1005,$A23)) | D23: =IF($A23="","",IF($C23>0,$B23/$C23,"")) | E23: =IF($A23="","",IF(ISNA(MATCH($A23,'IMPORT STATS'!$K$6:$K$205,0)),"",IF(INDEX('IMPORT STATS'!$C$6:$C$205,MATCH($A23,'IMPORT STATS'!$K$6:$K$205,0))="","",INDEX('IMPORT STATS'!$C$6:$C$205,MATCH($A23,'IMPORT STATS'!$K$6:$K$205,0))))) | F23: =IF($A23="","",IF(ISNA(MATCH($A23,'IMPORT STATS'!$K$6:$K$205,0)),"",IF(INDEX('IMPORT STATS'!$D$6:$D$205,MATCH($A23,'IMPORT STATS'!$K$6:$K$205,0))="","",INDEX('IMPORT STATS'!$D$6:$D$205,MATCH($A23,'IMPORT STATS'!$K$6:$K$205,0))))) | G23: =IF(OR($E23="",$F23=""),"",($E23-$F23)*SETTINGS!$B$17) | H23: =IF($A23="","",IF(AND($D23="",$G23=""),"",IF($D23="",$G23,IF($G23="",$D23,SETTINGS!$B$18*$D23+SETTINGS!$B$19*$G23))))
A24: =IF('TEAM RATINGS'!$A24="","",'TEAM RATINGS'!$A24) | B24: =IF($A24="","",SUMIFS(CLEAN!$X$6:$X$1005,CLEAN!$P$6:$P$1005,$A24)+SUMIFS(CLEAN!$Z$6:$Z$1005,CLEAN!$N$6:$N$1005,$A24)) | C24: =IF($A24="","",SUMIFS(CLEAN!$Y$6:$Y$1005,CLEAN!$P$6:$P$1005,$A24)+SUMIFS(CLEAN!$AA$6:$AA$1005,CLEAN!$N$6:$N$1005,$A24)) | D24: =IF($A24="","",IF($C24>0,$B24/$C24,"")) | E24: =IF($A24="","",IF(ISNA(MATCH($A24,'IMPORT STATS'!$K$6:$K$205,0)),"",IF(INDEX('IMPORT STATS'!$C$6:$C$205,MATCH($A24,'IMPORT STATS'!$K$6:$K$205,0))="","",INDEX('IMPORT STATS'!$C$6:$C$205,MATCH($A24,'IMPORT STATS'!$K$6:$K$205,0))))) | F24: =IF($A24="","",IF(ISNA(MATCH($A24,'IMPORT STATS'!$K$6:$K$205,0)),"",IF(INDEX('IMPORT STATS'!$D$6:$D$205,MATCH($A24,'IMPORT STATS'!$K$6:$K$205,0))="","",INDEX('IMPORT STATS'!$D$6:$D$205,MATCH($A24,'IMPORT STATS'!$K$6:$K$205,0))))) | G24: =IF(OR($E24="",$F24=""),"",($E24-$F24)*SETTINGS!$B$17) | H24: =IF($A24="","",IF(AND($D24="",$G24=""),"",IF($D24="",$G24,IF($G24="",$D24,SETTINGS!$B$18*$D24+SETTINGS!$B$19*$G24))))
A25: =IF('TEAM RATINGS'!$A25="","",'TEAM RATINGS'!$A25) | B25: =IF($A25="","",SUMIFS(CLEAN!$X$6:$X$1005,CLEAN!$P$6:$P$1005,$A25)+SUMIFS(CLEAN!$Z$6:$Z$1005,CLEAN!$N$6:$N$1005,$A25)) | C25: =IF($A25="","",SUMIFS(CLEAN!$Y$6:$Y$1005,CLEAN!$P$6:$P$1005,$A25)+SUMIFS(CLEAN!$AA$6:$AA$1005,CLEAN!$N$6:$N$1005,$A25)) | D25: =IF($A25="","",IF($C25>0,$B25/$C25,"")) | E25: =IF($A25="","",IF(ISNA(MATCH($A25,'IMPORT STATS'!$K$6:$K$205,0)),"",IF(INDEX('IMPORT STATS'!$C$6:$C$205,MATCH($A25,'IMPORT STATS'!$K$6:$K$205,0))="","",INDEX('IMPORT STATS'!$C$6:$C$205,MATCH($A25,'IMPORT STATS'!$K$6:$K$205,0))))) | F25: =IF($A25="","",IF(ISNA(MATCH($A25,'IMPORT STATS'!$K$6:$K$205,0)),"",IF(INDEX('IMPORT STATS'!$D$6:$D$205,MATCH($A25,'IMPORT STATS'!$K$6:$K$205,0))="","",INDEX('IMPORT STATS'!$D$6:$D$205,MATCH($A25,'IMPORT STATS'!$K$6:$K$205,0))))) | G25: =IF(OR($E25="",$F25=""),"",($E25-$F25)*SETTINGS!$B$17) | H25: =IF($A25="","",IF(AND($D25="",$G25=""),"",IF($D25="",$G25,IF($G25="",$D25,SETTINGS!$B$18*$D25+SETTINGS!$B$19*$G25))))
A26: =IF('TEAM RATINGS'!$A26="","",'TEAM RATINGS'!$A26) | B26: =IF($A26="","",SUMIFS(CLEAN!$X$6:$X$1005,CLEAN!$P$6:$P$1005,$A26)+SUMIFS(CLEAN!$Z$6:$Z$1005,CLEAN!$N$6:$N$1005,$A26)) | C26: =IF($A26="","",SUMIFS(CLEAN!$Y$6:$Y$1005,CLEAN!$P$6:$P$1005,$A26)+SUMIFS(CLEAN!$AA$6:$AA$1005,CLEAN!$N$6:$N$1005,$A26)) | D26: =IF($A26="","",IF($C26>0,$B26/$C26,"")) | E26: =IF($A26="","",IF(ISNA(MATCH($A26,'IMPORT STATS'!$K$6:$K$205,0)),"",IF(INDEX('IMPORT STATS'!$C$6:$C$205,MATCH($A26,'IMPORT STATS'!$K$6:$K$205,0))="","",INDEX('IMPORT STATS'!$C$6:$C$205,MATCH($A26,'IMPORT STATS'!$K$6:$K$205,0))))) | F26: =IF($A26="","",IF(ISNA(MATCH($A26,'IMPORT STATS'!$K$6:$K$205,0)),"",IF(INDEX('IMPORT STATS'!$D$6:$D$205,MATCH($A26,'IMPORT STATS'!$K$6:$K$205,0))="","",INDEX('IMPORT STATS'!$D$6:$D$205,MATCH($A26,'IMPORT STATS'!$K$6:$K$205,0))))) | G26: =IF(OR($E26="",$F26=""),"",($E26-$F26)*SETTINGS!$B$17) | H26: =IF($A26="","",IF(AND($D26="",$G26=""),"",IF($D26="",$G26,IF($G26="",$D26,SETTINGS!$B$18*$D26+SETTINGS!$B$19*$G26))))
